key,val_f1,trees,test_acc,test_prec,test_rec,test_f1,test_far,test_macro_f1,test_auc,seconds,epochs,sigma,p_swap,params
unsw_bin|xgb|tax|0,95.53270938595273,457.0,87.98158674634406,83.50509615566439,97.41462984205418,89.92516418062415,23.575675675675676,87.51702233771985,98.20268583018739,5.6,,,,
unsw_bin|xgb|tax|1,95.62357958697795,435.0,87.96944080066073,83.5476600821954,97.31315626930204,89.90655538911477,23.478378378378377,87.50937936144952,98.15903096911434,5.6,,,,
unsw_bin|xgb|tax|2,95.55973843744421,357.0,88.13341106738571,83.66720945203923,97.47639636459895,90.04544250402462,23.313513513513513,87.67884440664714,98.25987593633518,4.4,,,,
unsw_bin|xgb|tax|3,95.51875514594748,393.0,88.17592187727736,83.6691069367989,97.56904614841613,90.0860532613677,23.332432432432434,87.7200640466221,98.26032389267412,4.8,,,,
unsw_bin|xgb|tax|4,95.68501860605565,408.0,87.99251809745907,83.44593319494244,97.54257478161122,89.94528182909218,23.708108108108107,87.52185559001562,98.25068616883009,5.4,,,,
unsw_bin|lgbm|tax|0,95.65325874835,762.0,88.46863916824564,83.87975042541123,97.86464307773758,90.33414102746839,23.043243243243243,88.02249328848511,98.37772684888189,35.8,,,,
unsw_bin|lgbm|tax|1,95.71841531490541,977.0,88.22086187630569,83.59542934721122,97.79846466072532,90.14090234430597,23.513513513513512,87.75650505009803,98.31444573489047,41.2,,,,
unsw_bin|lgbm|tax|2,95.75140031627252,841.0,88.26701646990234,83.65156031847854,97.80508250242654,90.17633778754043,23.41891891891892,87.80639594035546,98.35550628277619,36.7,,,,
unsw_bin|lgbm|tax|3,95.7266661366093,928.0,88.03259971821406,83.44992740369204,97.62640077649343,89.9832257408631,23.721621621621622,87.56088239184214,98.2717026454673,38.7,,,,
unsw_bin|lgbm|tax|4,95.65325874835,911.0,88.07146674440072,83.49020125620085,97.64404835436336,90.01413334146763,23.656756756756756,87.60225629600713,98.2704634695138,36.8,,,,
unsw_bin|rf|tax|0,95.46856629209692,300.0,87.06699703638925,81.64252089187315,98.70510897379334,89.36667398989395,27.191891891891892,86.43239938840077,97.96642148854934,78.2,,,,
unsw_bin|rf|tax|1,95.45622857230708,300.0,87.09007433318759,81.65581157754548,98.73378628783199,89.3863897348844,27.175675675675677,86.45608641876818,97.95806214093736,81.5,,,,
unsw_bin|rf|tax|2,95.41150708231653,300.0,87.13622892678424,81.73795472401382,98.68525544868967,89.4156681290787,27.013513513513512,86.51059253577044,97.93495877859684,79.2,,,,
unsw_bin|rf|tax|3,95.39370309280444,300.0,87.08885973861925,81.67281223759629,98.69849113209212,89.38210440098288,27.135135135135137,86.45712501226525,97.90936955220462,79.4,,,,
unsw_bin|rf|tax|4,95.41564443857396,300.0,87.12772676480591,81.70780690863945,98.72275655166328,89.41301046911212,27.07837837837838,86.49863658523759,97.94836628740273,81.2,,,,
unsw_bin|flat|tax|0,95.23230997138062,,87.11072244084924,82.68810725314454,96.8719668225536,89.2198293376676,24.84864864864865,86.59771365409594,97.36570294595309,13.0,12.0,10.0,0.0,316850.0
unsw_bin|flat|tax|1,95.14187742462647,,88.04717485303405,83.70017281652962,97.22491837995236,89.95703599383606,23.197297297297297,87.59869047535823,97.7486651932529,11.7,12.0,10.0,0.0,316850.0
unsw_bin|flat|tax|2,95.02611610405083,,87.16902298012923,82.93796657698283,96.56092826259597,89.23249413923149,24.33783783783784,86.67983453242789,97.05463341330389,15.5,17.0,10.0,0.0,316850.0
unsw_bin|flat|tax|3,95.01942910741515,,87.8358353981441,83.69749823483389,96.75284567193152,89.7529032588121,23.089189189189188,87.39464254814082,97.62943648779813,11.1,11.0,10.0,0.0,316850.0
unsw_bin|flat|tax|4,95.01286428276978,,88.364184035369,84.34126099819419,96.84770140298244,90.16285708418047,22.02972972972973,87.96171630331978,97.8197709213228,9.8,8.0,10.0,0.0,316850.0
unsw_bin|sfg|tax|0,94.48299653411792,,88.55366078802895,83.76716193342111,98.25068384364246,90.43268156991736,23.32702702702703,88.09442790445325,98.4017607632339,21.9,6.0,10.0,0.3,180166.0
unsw_bin|sfg|tax|1,94.78467716886614,,87.31720351746587,82.29718221201911,98.05876643430689,89.4892597588227,25.843243243243244,86.75142739311354,98.27079027761549,40.7,17.0,10.0,0.3,180166.0
unsw_bin|sfg|tax|2,94.81786225577845,,89.23018996259049,85.4077253218884,97.01535339274685,90.84224115672603,20.308108108108108,88.88579429112413,98.2816794293632,37.3,15.0,10.0,0.3,180166.0
unsw_bin|sfg|tax|3,94.99887215789539,,88.2281494437157,84.13008503792231,96.89843818935852,90.0639711309768,22.394594594594594,87.81208091709746,97.94118363377939,58.2,27.0,10.0,0.3,180166.0
unsw_bin|sfg|tax|4,94.92910439003535,,87.43380459602585,82.49554168524298,97.96391070325598,89.56677826630633,25.467567567567567,86.88567920948904,98.18789662335061,47.8,21.0,10.0,0.3,180166.0
nsl_bin|xgb|tax|0,99.9441699781753,453.0,81.05926188786373,96.96171986399035,68.88490610145718,80.54669703872439,2.8524353825558646,81.04610329505584,95.74720366940915,2.9,,,,
nsl_bin|xgb|tax|1,99.92024194786815,222.0,81.46291696238467,96.92040772066797,69.64856230031948,81.051915665382,2.9245185871691897,81.45419123693709,96.15744947152398,1.9,,,,
nsl_bin|xgb|tax|2,99.92821854336823,470.0,81.24556422995032,96.45826584602095,69.60960024935713,80.86358287317825,3.377613016167233,81.23808873153563,96.30036810010505,3.0,,,,
nsl_bin|xgb|tax|3,99.92821854336823,304.0,81.28548616039744,97.00938659681292,69.25894179069586,80.81836781086609,2.821542580578725,81.27438115135173,96.1315285337784,2.8,,,,
nsl_bin|xgb|tax|4,99.92821696186809,275.0,80.80198722498226,96.99414299922644,68.39398425933142,80.22118636322092,2.800947379260632,80.78541865778041,96.14230598834484,2.2,,,,
nsl_bin|lgbm|tax|0,99.93619215086976,272.0,78.91678495386799,96.87862613135299,65.05883269695316,77.84252482401753,2.770054577283493,78.86711002380383,96.41100893031393,5.8,,,,
nsl_bin|lgbm|tax|1,99.95214305511323,247.0,78.76596877217885,96.83352735739231,64.81726798098651,77.65485692946832,2.800947379260632,78.71333592300587,96.63999272740479,8.1,,,,
nsl_bin|lgbm|tax|2,99.92821696186809,209.0,78.85024840312278,96.82963651143886,64.97311618483597,77.76534228688678,2.8112449799196786,78.79977484840023,96.39939373748763,4.6,,,,
nsl_bin|lgbm|tax|3,99.93619215086976,242.0,78.99662881476225,96.84173993521517,65.23026572118756,77.9531591935559,2.8112449799196786,78.94947358686731,96.57951388279542,8.0,,,,
nsl_bin|lgbm|tax|4,99.94416874811964,273.0,78.6195883605394,96.81037504381354,64.5679108548274,77.4682124158564,2.8112449799196786,78.56361329773239,96.36622203066582,5.9,,,,
nsl_bin|rf|tax|0,99.94416751518187,300.0,77.61266855926189,96.66746583553105,62.837995792098496,76.16528925619835,2.862732983214911,77.52980725930396,96.67633965481477,23.6,,,,
nsl_bin|rf|tax|1,99.94416751518187,300.0,77.04932576295245,96.627298185803,61.840567287462015,75.41575596312839,2.8524353825558646,76.94754190303495,96.79598536888523,21.7,,,,
nsl_bin|rf|tax|2,99.94416751518187,300.0,77.66146202980838,96.6718544235604,62.92371230421569,76.22958557537997,2.862732983214911,77.58010949758874,96.7358447490618,24.0,,,,
nsl_bin|rf|tax|3,99.94416751518187,300.0,77.32877927608233,96.69811320754717,62.30031948881789,75.7783991280034,2.8112449799196786,77.23551214998578,96.28507095133517,20.8,,,,
nsl_bin|rf|tax|4,99.94416751518187,300.0,77.66146202980838,96.76142497301187,62.86137302267591,76.21162021728861,2.7803521779425395,77.57817401867023,96.60058572829581,22.5,,,,
nsl_bin|flat|tax|0,99.96809537007547,,79.21841731724628,96.76308539944904,65.69001792254345,78.25481550243676,2.9039233858510967,79.17752880630906,94.7256889861564,7.1,10.0,1.0,0.0,305378.0
nsl_bin|flat|tax|1,99.96012053437116,,78.06068133427964,96.84047986696757,63.53152029922855,76.72689629211368,2.7391617753063535,77.98838521603503,90.63003116891856,9.3,13.0,1.0,0.0,305378.0
nsl_bin|flat|tax|2,99.94416627936162,,76.86302342086586,92.14341042381321,64.88739967271877,76.14997713763145,7.311296467922974,76.84232425664415,89.39046581481043,5.6,7.0,1.0,0.0,305378.0
nsl_bin|flat|tax|3,99.93619074015095,,76.53921220723917,96.45320197044335,61.03015662744487,74.7577912470768,2.9657089898053752,76.42177940228297,90.59243284992225,7.8,10.0,1.0,0.0,305378.0
nsl_bin|flat|tax|4,99.96011965370133,,76.15330021291696,96.51902682470369,60.282085248967505,74.21335379892555,2.873030583873957,76.01756798857168,84.73515109536322,10.3,16.0,1.0,0.0,305378.0
nsl_bin|sfg|tax|0,99.9282153766624,,80.11444286728177,93.24632276776465,70.14727655263773,80.06403699915506,6.71403562969828,80.11431574306233,95.8851953699105,18.8,9.0,1.0,0.1,174838.0
nsl_bin|sfg|tax|1,99.90428822630464,,77.70581973030518,92.65654026882308,66.0718460219746,77.13791848617176,6.919987642879209,77.69205481095291,94.89374939170693,16.3,7.0,1.0,0.1,174838.0
nsl_bin|sfg|tax|2,99.95214199460325,,78.90791341376863,96.91056910569105,65.0198706459908,77.82493121298326,2.7391617753063535,78.85748569530533,96.00680583697824,24.0,13.0,1.0,0.1,174838.0
nsl_bin|sfg|tax|3,99.91226129613969,,79.36479772888573,93.48357606038057,68.52645523260344,79.08273381294963,6.312429203995469,79.36104477762326,96.14058397081082,16.2,7.0,1.0,0.1,174838.0
nsl_bin|sfg|tax|4,99.95214411315231,,78.89017033356991,92.97423887587821,68.05891062105509,78.5891033427813,6.796416434970652,78.88599561522513,95.57846601185544,25.6,14.0,1.0,0.1,174838.0
unsw|ftt|tax|0,63.293944367257126,,70.30802118252927,46.91558137029608,59.605007786658135,48.400026091703694,,,,312.5,22.0,,0.0,939466.0
unsw|ftt|tax|1,61.90603894955529,,71.19467521741242,48.45809470265655,60.30361053504676,48.96085926813601,,,,214.8,12.0,,0.0,939466.0
unsw|ftt|tax|2,63.85804997207731,,71.89185249963562,47.54644336340073,59.32538112556729,49.00632634167032,,,,484.7,40.0,,0.0,939466.0
unsw|ftt|tax|3,63.30760544510198,,73.33236165767867,47.74622410278841,60.743855793985745,49.60940301884388,,,,494.2,41.0,,0.0,939466.0
unsw|ftt|tax|4,62.797937303137076,,71.41087305057572,46.831268584665544,60.6191685439329,48.340858374956596,,,,349.6,26.0,,0.0,939466.0
nsl|ftt|tax|0,97.44531916019119,,80.8152945351313,82.99477324535974,65.00582132431987,68.50352799087067,,,,194.1,19.0,,0.0,924101.0
nsl|ftt|tax|1,97.68216355451989,,78.81032647267565,80.46177721604742,63.595788278389364,63.32175245001561,,,,160.2,14.0,,0.0,924101.0
nsl|ftt|tax|2,97.48248077860184,,79.24946770759404,76.2761546425642,59.61405205841247,60.249095291190066,,,,246.9,27.0,,0.0,924101.0
nsl|ftt|tax|3,97.6758514615395,,78.26916252661462,81.5849815231177,60.157219501043336,63.10088244608563,,,,167.5,15.0,,0.0,924101.0
nsl|ftt|tax|4,97.28577245827198,,80.49591909155428,81.49888925844516,62.42216670015074,66.11203294888688,,,,187.0,18.0,,0.0,924101.0
unsw_bin|ftt|tax|0,94.78703313511573,,88.44313268231065,84.64529608635932,96.51901526515486,90.19304700947198,21.451351351351352,88.06306746476024,97.68714406743283,580.8,58.0,,0.0,937922.0
unsw_bin|ftt|tax|1,94.35697096771403,,89.08443861439052,84.91555709262782,97.49404394246889,90.77111081444664,21.21891891891892,88.70724672029459,98.30156368867765,291.4,20.0,,0.0,937922.0
unsw_bin|ftt|tax|2,94.75400878408419,,89.14395374823884,85.8886872830546,96.06679608223772,90.69307343079679,19.33783783783784,88.83461738218163,97.90868558932179,503.6,42.0,,0.0,937922.0
unsw_bin|ftt|tax|3,93.9841744621083,,89.67351698003206,85.83521444695259,97.30212653313333,91.20967741935483,19.67297297297297,89.34821560829982,98.43301140415099,195.0,10.0,,0.0,937922.0
unsw_bin|ftt|tax|4,94.45525045460467,,88.37997376475732,84.03402927126353,97.40139415865173,90.22528735632184,22.67297297297297,87.95053614548338,98.11787154113436,349.3,26.0,,0.0,937922.0
nsl_bin|ftt|tax|0,99.93619215086976,,80.50035486160398,92.45245043775788,71.58887243824515,80.69389547650417,7.723200494284832,80.49839500055158,95.79031990712532,273.2,31.0,,0.0,923522.0
nsl_bin|ftt|tax|1,99.92821854336823,,80.74875798438609,96.76247109349191,68.47190836125614,80.19530893492745,3.027494593759654,80.73371211827929,95.70880572763895,147.2,12.0,,0.0,923522.0
nsl_bin|ftt|tax|2,99.93619496242565,,81.84882895670688,92.568423103146,74.05906646925894,82.28571428571428,7.857069302852436,81.8377816471322,95.28056781128915,227.0,24.0,,0.0,923522.0
nsl_bin|ftt|tax|3,99.94416751518187,,81.64478353442158,96.61198670526429,70.21740824436998,81.32671480144404,3.254041808258676,81.6394564935343,95.46652684783012,280.0,32.0,,0.0,923522.0
nsl_bin|ftt|tax|4,99.91226517561657,,78.21149751596877,96.61056843591857,63.96789527000701,76.97140178152837,2.9657089898053752,78.14813038819662,95.48612743557253,153.6,13.0,,0.0,923522.0
