ds,seed,class,pair,mean_abs_g,rel_to_sum_abs_phi
unsw,0,Analysis,Basic×Conte,0.08688900619745255,0.026679046959489375
unsw,0,Analysis,Basic×Time,0.093172587454319,0.02860840450150972
unsw,0,Analysis,Basic×Addit,0.10472503304481506,0.03215555335145049
unsw,0,Analysis,Conte×Time,0.02494591660797596,0.007659579845110589
unsw,0,Analysis,Conte×Addit,0.06037287041544914,0.018537335335988198
unsw,0,Analysis,Time×Addit,0.11801131814718246,0.03623507318572863
unsw,1,Analysis,Basic×Conte,0.1307232826948166,0.039822533139138874
unsw,1,Analysis,Basic×Time,0.1084308996796608,0.03303155342174674
unsw,1,Analysis,Basic×Addit,0.04596142843365669,0.014001335257120407
unsw,1,Analysis,Conte×Time,0.10711869597434998,0.03263181380028975
unsw,1,Analysis,Conte×Addit,0.09761817753314972,0.029737649098604983
unsw,1,Analysis,Time×Addit,0.04399366304278374,0.013401890377274255
unsw,2,Analysis,Basic×Conte,0.18072642385959625,0.05928715635923823
unsw,2,Analysis,Basic×Time,0.12304555624723434,0.04036499465184251
unsw,2,Analysis,Basic×Addit,0.08095958828926086,0.026558727092469366
unsw,2,Analysis,Conte×Time,0.06984930485486984,0.022914007648001597
unsw,2,Analysis,Conte×Addit,0.07120662182569504,0.023359274376351612
unsw,2,Analysis,Time×Addit,0.04500754177570343,0.014764687474113324
unsw,3,Analysis,Basic×Conte,0.26482751965522766,0.08418335245587218
unsw,3,Analysis,Basic×Time,0.031730104237794876,0.010086363199675579
unsw,3,Analysis,Basic×Addit,0.0937039703130722,0.029786611186214864
unsw,3,Analysis,Conte×Time,0.08605361729860306,0.02735471753306526
unsw,3,Analysis,Conte×Addit,0.06983623653650284,0.022199537730058654
unsw,3,Analysis,Time×Addit,0.05956066772341728,0.01893314067206894
unsw,4,Analysis,Basic×Conte,0.10165422409772873,0.028767372784645626
unsw,4,Analysis,Basic×Time,0.03910969942808151,0.011067747680228475
unsw,4,Analysis,Basic×Addit,0.06410642713308334,0.018141631630144272
unsw,4,Analysis,Conte×Time,0.051701534539461136,0.014631141311009635
unsw,4,Analysis,Conte×Addit,0.07473411411046982,0.0211491862677467
unsw,4,Analysis,Time×Addit,0.06457854062318802,0.018275236159489203
unsw,0,Backdoor,Basic×Conte,0.1287381500005722,0.03293430296028285
unsw,0,Backdoor,Basic×Time,0.15631963312625885,0.03999030711562652
unsw,0,Backdoor,Basic×Addit,0.14722870290279388,0.0376646293723231
unsw,0,Backdoor,Conte×Time,0.15301594138145447,0.0391451436204987
unsw,0,Backdoor,Conte×Addit,0.12463437765836716,0.03188445968074521
unsw,0,Backdoor,Time×Addit,0.12310519814491272,0.031493258926527885
unsw,1,Backdoor,Basic×Conte,0.13539764285087585,0.03913090056338893
unsw,1,Backdoor,Basic×Time,0.10986392945051193,0.03175147224362
unsw,1,Backdoor,Basic×Addit,0.17252665758132935,0.04986145504604091
unsw,1,Backdoor,Conte×Time,0.07875026762485504,0.022759398368274734
unsw,1,Backdoor,Conte×Addit,0.09824863076210022,0.02839456669917935
unsw,1,Backdoor,Time×Addit,0.03883128613233566,0.011222523261106395
unsw,2,Backdoor,Basic×Conte,0.16193588078022003,0.04752194325286834
unsw,2,Backdoor,Basic×Time,0.1580582559108734,0.046384009719489805
unsw,2,Backdoor,Basic×Addit,0.12729711830615997,0.037356800748867255
unsw,2,Backdoor,Conte×Time,0.08228952437639236,0.024148805619107157
unsw,2,Backdoor,Conte×Addit,0.13971403241157532,0.041000686740348916
unsw,2,Backdoor,Time×Addit,0.055030956864356995,0.016149466051988488
unsw,3,Backdoor,Basic×Conte,0.12037227302789688,0.03314645631872044
unsw,3,Backdoor,Basic×Time,0.11256374418735504,0.03099625134530015
unsw,3,Backdoor,Basic×Addit,0.07875170558691025,0.0216855585061212
unsw,3,Backdoor,Conte×Time,0.10998119413852692,0.030285104332527932
unsw,3,Backdoor,Conte×Addit,0.10265818983316422,0.028268596409035847
unsw,3,Backdoor,Time×Addit,0.07065129280090332,0.019454978557591388
unsw,4,Backdoor,Basic×Conte,0.16527803242206573,0.04608944306924892
unsw,4,Backdoor,Basic×Time,0.07905624806880951,0.02204563057316117
unsw,4,Backdoor,Basic×Addit,0.14586703479290009,0.04067649098459357
unsw,4,Backdoor,Conte×Time,0.1186966523528099,0.03309975633758145
unsw,4,Backdoor,Conte×Addit,0.15081064403057098,0.04205506618407559
unsw,4,Backdoor,Time×Addit,0.07012732326984406,0.019555710012268888
unsw,0,DoS,Basic×Conte,0.1667080968618393,0.049420600464401
unsw,0,DoS,Basic×Time,0.20199690759181976,0.05988196526179042
unsw,0,DoS,Basic×Addit,0.21253101527690887,0.06300480054666095
unsw,0,DoS,Conte×Time,0.15472258627414703,0.045867496918344165
unsw,0,DoS,Conte×Addit,0.2108166515827179,0.06249657758223287
unsw,0,DoS,Time×Addit,0.126581072807312,0.0375249477579358
unsw,1,DoS,Basic×Conte,0.1717955321073532,0.06583463563562288
unsw,1,DoS,Basic×Time,0.13537532091140747,0.051877862112786347
unsw,1,DoS,Basic×Addit,0.11063680052757263,0.042397688468826446
unsw,1,DoS,Conte×Time,0.120142363011837,0.04604036319375549
unsw,1,DoS,Conte×Addit,0.16889037191867828,0.06472133449130082
unsw,1,DoS,Time×Addit,0.06796833127737045,0.02604648834296121
unsw,2,DoS,Basic×Conte,0.161066934466362,0.053583429282485086
unsw,2,DoS,Basic×Time,0.16636142134666443,0.0553447887090965
unsw,2,DoS,Basic×Addit,0.1937880665063858,0.06446903079044476
unsw,2,DoS,Conte×Time,0.15223336219787598,0.050644693926725305
unsw,2,DoS,Conte×Addit,0.20713378489017487,0.06890885799402931
unsw,2,DoS,Time×Addit,0.10294242948293686,0.03424668389350978
unsw,3,DoS,Basic×Conte,0.16307121515274048,0.0505960084374733
unsw,3,DoS,Basic×Time,0.1815158873796463,0.056318825862638436
unsw,3,DoS,Basic×Addit,0.1965651512145996,0.06098815195589079
unsw,3,DoS,Conte×Time,0.13991419970989227,0.04341109509985194
unsw,3,DoS,Conte×Addit,0.21388310194015503,0.06636138217441366
unsw,3,DoS,Time×Addit,0.100759357213974,0.03126254552636747
unsw,4,DoS,Basic×Conte,0.20551806688308716,0.06031854100974109
unsw,4,DoS,Basic×Time,0.21774649620056152,0.06390752482248976
unsw,4,DoS,Basic×Addit,0.24326679110527039,0.07139760575861523
unsw,4,DoS,Conte×Time,0.15471205115318298,0.04540722547518471
unsw,4,DoS,Conte×Addit,0.2688860595226288,0.07891673493352655
unsw,4,DoS,Time×Addit,0.11214988678693771,0.032915439737198196
unsw,0,Exploits,Basic×Conte,0.4380375146865845,0.10371057368604474
unsw,0,Exploits,Basic×Time,0.23479625582695007,0.05559079662063039
unsw,0,Exploits,Basic×Addit,0.4501740038394928,0.10658403134750363
unsw,0,Exploits,Conte×Time,0.2212822139263153,0.05239118701793486
unsw,0,Exploits,Conte×Addit,0.35137906670570374,0.08319315895897533
unsw,0,Exploits,Time×Addit,0.1629086583852768,0.03857055583846408
unsw,1,Exploits,Basic×Conte,0.37400779128074646,0.11062584997170184
unsw,1,Exploits,Basic×Time,0.17147067189216614,0.050718432250655074
unsw,1,Exploits,Basic×Addit,0.24371379613876343,0.07208685614638076
unsw,1,Exploits,Conte×Time,0.14619401097297668,0.04324197811301161
unsw,1,Exploits,Conte×Addit,0.2620331048965454,0.07750543070410282
unsw,1,Exploits,Time×Addit,0.08796066045761108,0.026017433470767425
unsw,2,Exploits,Basic×Conte,0.40614017844200134,0.10298112448398933
unsw,2,Exploits,Basic×Time,0.21106547117233276,0.053517875637053784
unsw,2,Exploits,Basic×Addit,0.4029461443424225,0.1021712434609479
unsw,2,Exploits,Conte×Time,0.17309695482254028,0.04389055798606512
unsw,2,Exploits,Conte×Addit,0.3672523498535156,0.09312070552188267
unsw,2,Exploits,Time×Addit,0.1052674874663353,0.026691681361034177
unsw,3,Exploits,Basic×Conte,0.48868605494499207,0.1153056577715866
unsw,3,Exploits,Basic×Time,0.20090262591838837,0.04740304986228084
unsw,3,Exploits,Basic×Addit,0.37793007493019104,0.08917274278758762
unsw,3,Exploits,Conte×Time,0.20631591975688934,0.048680318571799254
unsw,3,Exploits,Conte×Addit,0.4774513244628906,0.11265481890475826
unsw,3,Exploits,Time×Addit,0.13431289792060852,0.03169117859048996
unsw,4,Exploits,Basic×Conte,0.4265371859073639,0.09625588215098027
unsw,4,Exploits,Basic×Time,0.30542904138565063,0.06892562427016402
unsw,4,Exploits,Basic×Addit,0.4574044644832611,0.10322164557580936
unsw,4,Exploits,Conte×Time,0.23588238656520844,0.053231155343261914
unsw,4,Exploits,Conte×Addit,0.45621904730796814,0.10295413460679029
unsw,4,Exploits,Time×Addit,0.1491529643535614,0.03365908210029738
unsw,0,Fuzzers,Basic×Conte,0.4865729808807373,0.09522483720532214
unsw,0,Fuzzers,Basic×Time,0.280474990606308,0.05489039952918453
unsw,0,Fuzzers,Basic×Addit,0.4032008945941925,0.07890849072481292
unsw,0,Fuzzers,Conte×Time,0.2177429348230362,0.04261341327173874
unsw,0,Fuzzers,Conte×Addit,0.4270009994506836,0.08356629376666423
unsw,0,Fuzzers,Time×Addit,0.20786459743976593,0.040680171792776054
unsw,1,Fuzzers,Basic×Conte,0.33438777923583984,0.08547805166887631
unsw,1,Fuzzers,Basic×Time,0.18740954995155334,0.04790666462335465
unsw,1,Fuzzers,Basic×Addit,0.3014799952507019,0.0770659821063522
unsw,1,Fuzzers,Conte×Time,0.12477538734674454,0.03189577391554968
unsw,1,Fuzzers,Conte×Addit,0.2723536193370819,0.06962053696789337
unsw,1,Fuzzers,Time×Addit,0.1405038684606552,0.03591637516000958
unsw,2,Fuzzers,Basic×Conte,0.43198320269584656,0.09095638930415008
unsw,2,Fuzzers,Basic×Time,0.2102539986371994,0.04427011150770197
unsw,2,Fuzzers,Basic×Addit,0.3803350031375885,0.0800815827918539
unsw,2,Fuzzers,Conte×Time,0.23808704316616058,0.050130508897918084
unsw,2,Fuzzers,Conte×Addit,0.38770124316215515,0.08163258429191464
unsw,2,Fuzzers,Time×Addit,0.1890038251876831,0.03979577306816824
unsw,3,Fuzzers,Basic×Conte,0.37934547662734985,0.08021669024820402
unsw,3,Fuzzers,Basic×Time,0.2337864488363266,0.04943666474492798
unsw,3,Fuzzers,Basic×Addit,0.3728940486907959,0.07885246626681848
unsw,3,Fuzzers,Conte×Time,0.2503340542316437,0.05293583428333169
unsw,3,Fuzzers,Conte×Addit,0.4004683494567871,0.08468334940538087
unsw,3,Fuzzers,Time×Addit,0.21095433831214905,0.04460856885219667
unsw,4,Fuzzers,Basic×Conte,0.6293900012969971,0.1147227154553629
unsw,4,Fuzzers,Basic×Time,0.2700653672218323,0.049226444993234406
unsw,4,Fuzzers,Basic×Addit,0.4803166091442108,0.08755020824255819
unsw,4,Fuzzers,Conte×Time,0.2552221119403839,0.04652087523747757
unsw,4,Fuzzers,Conte×Addit,0.4564288854598999,0.08319604862536661
unsw,4,Fuzzers,Time×Addit,0.2552768886089325,0.046530859711566036
unsw,0,Generic,Basic×Conte,0.22683195769786835,0.034545711548201956
unsw,0,Generic,Basic×Time,0.11445483565330505,0.01743107002163432
unsw,0,Generic,Basic×Addit,0.2681048512458801,0.04083142847160114
unsw,0,Generic,Conte×Time,0.1405894011259079,0.021411272676573626
unsw,0,Generic,Conte×Addit,0.18081648647785187,0.02753771667986592
unsw,0,Generic,Time×Addit,0.1661582589149475,0.025305320035516207
unsw,1,Generic,Basic×Conte,0.30771875381469727,0.047014606320753424
unsw,1,Generic,Basic×Time,0.13521718978881836,0.020659068928727292
unsw,1,Generic,Basic×Addit,0.29005029797554016,0.04431514297873753
unsw,1,Generic,Conte×Time,0.10463960468769073,0.015987292808658436
unsw,1,Generic,Conte×Addit,0.2297103852033615,0.03509614930596033
unsw,1,Generic,Time×Addit,0.1593504101037979,0.02434624703631841
unsw,2,Generic,Basic×Conte,0.31934845447540283,0.04783781697371431
unsw,2,Generic,Basic×Time,0.127680703997612,0.019126336963009194
unsw,2,Generic,Basic×Addit,0.23882369697093964,0.035775354928362715
unsw,2,Generic,Conte×Time,0.1312943398952484,0.01966765304034781
unsw,2,Generic,Conte×Addit,0.19505687057971954,0.029219164030671114
unsw,2,Generic,Time×Addit,0.12983444333076477,0.019448963193337127
unsw,3,Generic,Basic×Conte,0.4057362973690033,0.05751920110505133
unsw,3,Generic,Basic×Time,0.13997364044189453,0.019843361380757145
unsw,3,Generic,Basic×Addit,0.19535209238529205,0.027694086925584994
unsw,3,Generic,Conte×Time,0.13646234571933746,0.019345582728476047
unsw,3,Generic,Conte×Addit,0.21930907666683197,0.031090348501628354
unsw,3,Generic,Time×Addit,0.12517069280147552,0.017744821694270982
unsw,4,Generic,Basic×Conte,0.27407562732696533,0.04235235330272987
unsw,4,Generic,Basic×Time,0.15027160942554474,0.02322116839002246
unsw,4,Generic,Basic×Addit,0.29264864325523376,0.04522240395321273
unsw,4,Generic,Conte×Time,0.06622705608606339,0.010233933257445479
unsw,4,Generic,Conte×Addit,0.20564502477645874,0.03177791045933079
unsw,4,Generic,Time×Addit,0.14785143733024597,0.02284718408272314
unsw,0,Normal,Basic×Conte,0.8282955884933472,0.11218260599486862
unsw,0,Normal,Basic×Time,0.8988440036773682,0.1217375344215036
unsw,0,Normal,Basic×Addit,0.8381307721138,0.11351466250260325
unsw,0,Normal,Conte×Time,0.7980827689170837,0.10809064548994407
unsw,0,Normal,Conte×Addit,0.718696117401123,0.09733868499180061
unsw,0,Normal,Time×Addit,0.7451905012130737,0.10092702840632885
unsw,1,Normal,Basic×Conte,0.7051763534545898,0.1146192760993273
unsw,1,Normal,Basic×Time,0.5814024806022644,0.0945010863204959
unsw,1,Normal,Basic×Addit,0.5349017381668091,0.08694286147372872
unsw,1,Normal,Conte×Time,0.5379676222801208,0.08744118989320947
unsw,1,Normal,Conte×Addit,0.5148240327835083,0.08367943375739124
unsw,1,Normal,Time×Addit,0.42818206548690796,0.06959665925324386
unsw,2,Normal,Basic×Conte,0.8715481162071228,0.12705047504587438
unsw,2,Normal,Basic×Time,0.7398869395256042,0.10785748416972817
unsw,2,Normal,Basic×Addit,0.7561460137367249,0.11022766094358064
unsw,2,Normal,Conte×Time,0.5451517105102539,0.07946983362641877
unsw,2,Normal,Conte×Addit,0.7379946708679199,0.10758163751547863
unsw,2,Normal,Time×Addit,0.5700895190238953,0.08310515835415673
unsw,3,Normal,Basic×Conte,0.8167423605918884,0.1130601692421086
unsw,3,Normal,Basic×Time,0.7382224798202515,0.10219080402089242
unsw,3,Normal,Basic×Addit,0.853784441947937,0.11818783763457424
unsw,3,Normal,Conte×Time,0.621833086013794,0.08607923053496688
unsw,3,Normal,Conte×Addit,0.7486009001731873,0.1036274699980536
unsw,3,Normal,Time×Addit,0.6390470266342163,0.08846212523196552
unsw,4,Normal,Basic×Conte,1.2154853343963623,0.14748772777469313
unsw,4,Normal,Basic×Time,0.8909626007080078,0.10810994241729334
unsw,4,Normal,Basic×Addit,0.9659358263015747,0.11720723908868931
unsw,4,Normal,Conte×Time,0.9423619508743286,0.11434677074471306
unsw,4,Normal,Conte×Addit,0.8863512873649597,0.10755040285907971
unsw,4,Normal,Time×Addit,0.6517088413238525,0.07907874612511714
unsw,0,Reconnaissance,Basic×Conte,0.5639125108718872,0.05698592417468343
unsw,0,Reconnaissance,Basic×Time,0.6365741491317749,0.06432871322166547
unsw,0,Reconnaissance,Basic×Addit,1.018140435218811,0.10288772198164545
unsw,0,Reconnaissance,Conte×Time,0.6636838912963867,0.06706827597582249
unsw,0,Reconnaissance,Conte×Addit,1.0839383602142334,0.10953690158371406
unsw,0,Reconnaissance,Time×Addit,0.4161067605018616,0.04204948080664115
unsw,1,Reconnaissance,Basic×Conte,0.22423861920833588,0.03130290832335992
unsw,1,Reconnaissance,Basic×Time,0.2588922083377838,0.03614042528374872
unsw,1,Reconnaissance,Basic×Addit,0.5657273530960083,0.07897351282531935
unsw,1,Reconnaissance,Conte×Time,0.4646918475627899,0.06486931802481423
unsw,1,Reconnaissance,Conte×Addit,0.6127842664718628,0.08554248943864798
unsw,1,Reconnaissance,Time×Addit,0.1667032539844513,0.023271177351626673
unsw,2,Reconnaissance,Basic×Conte,0.43206754326820374,0.048802563322501234
unsw,2,Reconnaissance,Basic×Time,0.5591744184494019,0.06315944205917855
unsw,2,Reconnaissance,Basic×Addit,0.9391834139823914,0.10608192803750356
unsw,2,Reconnaissance,Conte×Time,0.6157912015914917,0.06955437772944022
unsw,2,Reconnaissance,Conte×Addit,0.9413289427757263,0.10632426816794928
unsw,2,Reconnaissance,Time×Addit,0.28029969334602356,0.03166019699217631
unsw,3,Reconnaissance,Basic×Conte,0.36673209071159363,0.04059703942144122
unsw,3,Reconnaissance,Basic×Time,0.5542563796043396,0.06135587438972742
unsw,3,Reconnaissance,Basic×Addit,0.6653124690055847,0.07364972200656734
unsw,3,Reconnaissance,Conte×Time,0.7560662627220154,0.08369611673030786
unsw,3,Reconnaissance,Conte×Addit,0.885528564453125,0.09802752186251278
unsw,3,Reconnaissance,Time×Addit,0.23985709249973297,0.026552047356503936
unsw,4,Reconnaissance,Basic×Conte,0.5382219552993774,0.053404795490604846
unsw,4,Reconnaissance,Basic×Time,0.8029713034629822,0.07967441280319426
unsw,4,Reconnaissance,Basic×Addit,1.0495980978012085,0.10414582907384834
unsw,4,Reconnaissance,Conte×Time,0.8522829413414001,0.08456733459925671
unsw,4,Reconnaissance,Conte×Addit,0.9727141857147217,0.0965170626122264
unsw,4,Reconnaissance,Time×Addit,0.5670442581176758,0.05626467359929947
unsw,0,Shellcode,Basic×Conte,1.259223461151123,0.17070099411118825
unsw,0,Shellcode,Basic×Time,0.18514619767665863,0.02509851585072972
unsw,0,Shellcode,Basic×Addit,0.21893414855003357,0.029678828226574902
unsw,0,Shellcode,Conte×Time,0.23638063669204712,0.032043883327175
unsw,0,Shellcode,Conte×Addit,0.1152048408985138,0.015617228771945078
unsw,0,Shellcode,Time×Addit,0.1922241598367691,0.026058008120598754
unsw,1,Shellcode,Basic×Conte,0.4680625796318054,0.07050978620310619
unsw,1,Shellcode,Basic×Time,0.12444109469652176,0.018746029620300832
unsw,1,Shellcode,Basic×Addit,0.10343243181705475,0.015581246976899584
unsw,1,Shellcode,Conte×Time,0.19628268480300903,0.029568375561487448
unsw,1,Shellcode,Conte×Addit,0.14647749066352844,0.02206563181867117
unsw,1,Shellcode,Time×Addit,0.13800156116485596,0.020788802602171703
unsw,2,Shellcode,Basic×Conte,0.8632548451423645,0.11668296262859867
unsw,2,Shellcode,Basic×Time,0.21563057601451874,0.029145986940317656
unsw,2,Shellcode,Basic×Addit,0.16806602478027344,0.02271686257994846
unsw,2,Shellcode,Conte×Time,0.18533577024936676,0.0250511501620162
unsw,2,Shellcode,Conte×Addit,0.09599429368972778,0.012975193416157457
unsw,2,Shellcode,Time×Addit,0.19513460993766785,0.026375623058504962
unsw,3,Shellcode,Basic×Conte,1.0309334993362427,0.14215590641015757
unsw,3,Shellcode,Basic×Time,0.2605258822441101,0.035924036766253394
unsw,3,Shellcode,Basic×Addit,0.16578242182731628,0.022859816328508687
unsw,3,Shellcode,Conte×Time,0.11375383287668228,0.0156855696615017
unsw,3,Shellcode,Conte×Addit,0.12195081263780594,0.016815855066446332
unsw,3,Shellcode,Time×Addit,0.20106370747089386,0.027724769444502684
unsw,4,Shellcode,Basic×Conte,0.9187998175621033,0.11218949397110681
unsw,4,Shellcode,Basic×Time,0.16947302222251892,0.020693400500826076
unsw,4,Shellcode,Basic×Addit,0.18297798931598663,0.02234241630965887
unsw,4,Shellcode,Conte×Time,0.14801734685897827,0.01807356828510922
unsw,4,Shellcode,Conte×Addit,0.16817684471607208,0.020535131533238726
unsw,4,Shellcode,Time×Addit,0.23876501619815826,0.02915425736190236
unsw,0,Worms,Basic×Conte,1.9156265258789062,0.20608433983242797
unsw,0,Worms,Basic×Time,0.16863834857940674,0.018142222540728597
unsw,0,Worms,Basic×Addit,0.12243077158927917,0.0131711815415456
unsw,0,Worms,Conte×Time,0.29472067952156067,0.031706241197666955
unsw,0,Worms,Conte×Addit,0.25457796454429626,0.02738766197389304
unsw,0,Worms,Time×Addit,0.162973091006279,0.017532750469233332
unsw,1,Worms,Basic×Conte,1.2538796663284302,0.1314557071054808
unsw,1,Worms,Basic×Time,0.25422006845474243,0.026652221705594278
unsw,1,Worms,Basic×Addit,0.13925082981586456,0.014598941820366605
unsw,1,Worms,Conte×Time,0.19442996382713318,0.020383876590191204
unsw,1,Worms,Conte×Addit,0.4335630238056183,0.04545438880594253
unsw,1,Worms,Time×Addit,0.056969497352838516,0.005972634981704544
unsw,2,Worms,Basic×Conte,1.5050265789031982,0.15963388091293756
unsw,2,Worms,Basic×Time,0.25059640407562256,0.026580046549457854
unsw,2,Worms,Basic×Addit,0.11845922470092773,0.012564632435081458
unsw,2,Worms,Conte×Time,0.22034010291099548,0.023370846894990683
unsw,2,Worms,Conte×Addit,0.27821284532546997,0.02950924378458577
unsw,2,Worms,Time×Addit,0.1200789138674736,0.012736428249954565
unsw,3,Worms,Basic×Conte,0.7308770418167114,0.08452639033160221
unsw,3,Worms,Basic×Time,0.15938487648963928,0.01843296137696443
unsw,3,Worms,Basic×Addit,0.4994179606437683,0.05775800177695867
unsw,3,Worms,Conte×Time,0.22904308140277863,0.02648897665916743
unsw,3,Worms,Conte×Addit,0.19271062314510345,0.0222871049725684
unsw,3,Worms,Time×Addit,0.1494544893503189,0.01728450584825374
unsw,4,Worms,Basic×Conte,2.598325490951538,0.25760882105461974
unsw,4,Worms,Basic×Time,0.2720305919647217,0.02697024692666932
unsw,4,Worms,Basic×Addit,0.2648070454597473,0.026254074412694485
unsw,4,Worms,Conte×Time,0.20399263501167297,0.020224680238170575
unsw,4,Worms,Conte×Addit,0.2370588481426239,0.023503002454178086
unsw,4,Worms,Time×Addit,0.16936510801315308,0.01679156285653761
unsw_nottl,0,Analysis,Basic×Conte,0.16716448962688446,0.056272531710367155
unsw_nottl,0,Analysis,Basic×Time,0.08497752994298935,0.02860596026739214
unsw_nottl,0,Analysis,Basic×Addit,0.0997992679476738,0.033595397460261245
unsw_nottl,0,Analysis,Conte×Time,0.07031849026679993,0.023671292163759
unsw_nottl,0,Analysis,Conte×Addit,0.09320327639579773,0.03137499081413247
unsw_nottl,0,Analysis,Time×Addit,0.04940943047404289,0.01663268167388703
unsw_nottl,1,Analysis,Basic×Conte,0.06729345768690109,0.024560442993302813
unsw_nottl,1,Analysis,Basic×Time,0.09163682907819748,0.03344516976871286
unsw_nottl,1,Analysis,Basic×Addit,0.062412187457084656,0.022778900428316602
unsw_nottl,1,Analysis,Conte×Time,0.03391252085566521,0.012377228988738474
unsw_nottl,1,Analysis,Conte×Addit,0.07255300134420395,0.02648004597710251
unsw_nottl,1,Analysis,Time×Addit,0.08205308765172958,0.02994734185113898
unsw_nottl,2,Analysis,Basic×Conte,0.03111659176647663,0.01031744912411431
unsw_nottl,2,Analysis,Basic×Time,0.0827641487121582,0.027442430072251226
unsw_nottl,2,Analysis,Basic×Addit,0.05144001543521881,0.017056165603853347
unsw_nottl,2,Analysis,Conte×Time,0.04332370683550835,0.014365009654590907
unsw_nottl,2,Analysis,Conte×Addit,0.08332540094852448,0.02762852665499918
unsw_nottl,2,Analysis,Time×Addit,0.04451822116971016,0.014761079409390664
unsw_nottl,3,Analysis,Basic×Conte,0.1482347846031189,0.05224440707483108
unsw_nottl,3,Analysis,Basic×Time,0.06397901475429535,0.022548996849958668
unsw_nottl,3,Analysis,Basic×Addit,0.0771123468875885,0.027177756233647148
unsw_nottl,3,Analysis,Conte×Time,0.0606277734041214,0.021367873149652696
unsw_nottl,3,Analysis,Conte×Addit,0.09388671815395355,0.033089776703138805
unsw_nottl,3,Analysis,Time×Addit,0.07631611824035645,0.02689713051086549
unsw_nottl,4,Analysis,Basic×Conte,0.12080293148756027,0.04013075563014337
unsw_nottl,4,Analysis,Basic×Time,0.05576689541339874,0.01852577271535272
unsw_nottl,4,Analysis,Basic×Addit,0.08486846834421158,0.028193320492200396
unsw_nottl,4,Analysis,Conte×Time,0.05017705634236336,0.016668827167680738
unsw_nottl,4,Analysis,Conte×Addit,0.11992103606462479,0.039837789811571246
unsw_nottl,4,Analysis,Time×Addit,0.07066130638122559,0.023473698725462313
unsw_nottl,0,Backdoor,Basic×Conte,0.1634271740913391,0.04919752065653036
unsw_nottl,0,Backdoor,Basic×Time,0.15384189784526825,0.04631200404194911
unsw_nottl,0,Backdoor,Basic×Addit,0.07678498327732086,0.0231150714188206
unsw_nottl,0,Backdoor,Conte×Time,0.09915134310722351,0.029848158837489615
unsw_nottl,0,Backdoor,Conte×Addit,0.19093167781829834,0.05747737618103706
unsw_nottl,0,Backdoor,Time×Addit,0.05611441656947136,0.01689247937899711
unsw_nottl,1,Backdoor,Basic×Conte,0.19502303004264832,0.059883869226196
unsw_nottl,1,Backdoor,Basic×Time,0.1324448585510254,0.04066858456366504
unsw_nottl,1,Backdoor,Basic×Addit,0.1655968874692917,0.050848263157984804
unsw_nottl,1,Backdoor,Conte×Time,0.14072850346565247,0.043212164717636045
unsw_nottl,1,Backdoor,Conte×Addit,0.1518089473247528,0.0466145313554709
unsw_nottl,1,Backdoor,Time×Addit,0.0558190755546093,0.017139833280758646
unsw_nottl,2,Backdoor,Basic×Conte,0.11018532514572144,0.03291782467308754
unsw_nottl,2,Backdoor,Basic×Time,0.14761273562908173,0.044099249555480544
unsw_nottl,2,Backdoor,Basic×Addit,0.08085713535547256,0.024156038943293958
unsw_nottl,2,Backdoor,Conte×Time,0.13490237295627594,0.040302033461218974
unsw_nottl,2,Backdoor,Conte×Addit,0.13918505609035492,0.0415814834456117
unsw_nottl,2,Backdoor,Time×Addit,0.07073940336704254,0.021133370296230827
unsw_nottl,3,Backdoor,Basic×Conte,0.15269598364830017,0.04623398409124748
unsw_nottl,3,Backdoor,Basic×Time,0.12949657440185547,0.03920956149414137
unsw_nottl,3,Backdoor,Basic×Addit,0.07548071444034576,0.022854393856676848
unsw_nottl,3,Backdoor,Conte×Time,0.10099327564239502,0.030579203118584725
unsw_nottl,3,Backdoor,Conte×Addit,0.0934772938489914,0.02830347998321595
unsw_nottl,3,Backdoor,Time×Addit,0.11668556183576584,0.03533058486999129
unsw_nottl,4,Backdoor,Basic×Conte,0.09126651287078857,0.027125244754412893
unsw_nottl,4,Backdoor,Basic×Time,0.10862085223197937,0.032283113592788446
unsw_nottl,4,Backdoor,Basic×Addit,0.10231246799230576,0.03040820393399292
unsw_nottl,4,Backdoor,Conte×Time,0.08123008906841278,0.024142327542665296
unsw_nottl,4,Backdoor,Conte×Addit,0.12221048027276993,0.03632207569545754
unsw_nottl,4,Backdoor,Time×Addit,0.10296189785003662,0.03060122044451429
unsw_nottl,0,DoS,Basic×Conte,0.1918172985315323,0.058268253081185585
unsw_nottl,0,DoS,Basic×Time,0.19022487103939056,0.05778452210991295
unsw_nottl,0,DoS,Basic×Addit,0.16733352839946747,0.05083082942149305
unsw_nottl,0,DoS,Conte×Time,0.14235152304172516,0.04324205707507627
unsw_nottl,0,DoS,Conte×Addit,0.2181403636932373,0.06626439855115544
unsw_nottl,0,DoS,Time×Addit,0.11881052702665329,0.03609101947789157
unsw_nottl,1,DoS,Basic×Conte,0.2856736183166504,0.08673262820905257
unsw_nottl,1,DoS,Basic×Time,0.2672266960144043,0.08113200585172817
unsw_nottl,1,DoS,Basic×Addit,0.20909442007541656,0.06348261594420934
unsw_nottl,1,DoS,Conte×Time,0.18068864941596985,0.054858413401059035
unsw_nottl,1,DoS,Conte×Addit,0.22455231845378876,0.06817574848072025
unsw_nottl,1,DoS,Time×Addit,0.10372224450111389,0.031490842319755165
unsw_nottl,2,DoS,Basic×Conte,0.24326631426811218,0.07149729004185659
unsw_nottl,2,DoS,Basic×Time,0.2530863583087921,0.07438345428170479
unsw_nottl,2,DoS,Basic×Addit,0.2291763573884964,0.0673561752445614
unsw_nottl,2,DoS,Conte×Time,0.15437592566013336,0.04537192239546114
unsw_nottl,2,DoS,Conte×Addit,0.18975546956062317,0.055770162363096044
unsw_nottl,2,DoS,Time×Addit,0.1120724081993103,0.03293868901998561
unsw_nottl,3,DoS,Basic×Conte,0.18092495203018188,0.06202194684787337
unsw_nottl,3,DoS,Basic×Time,0.18687483668327332,0.06406159602596713
unsw_nottl,3,DoS,Basic×Addit,0.15425007045269012,0.052877668688294154
unsw_nottl,3,DoS,Conte×Time,0.1208326518535614,0.04142201629269455
unsw_nottl,3,DoS,Conte×Addit,0.17522117495536804,0.06006666453552981
unsw_nottl,3,DoS,Time×Addit,0.12011970579624176,0.04117761494298407
unsw_nottl,4,DoS,Basic×Conte,0.22387725114822388,0.07205454943742276
unsw_nottl,4,DoS,Basic×Time,0.2089432030916214,0.06724804900704687
unsw_nottl,4,DoS,Basic×Addit,0.19289828836917877,0.062084017846408567
unsw_nottl,4,DoS,Conte×Time,0.17946314811706543,0.057759938590791496
unsw_nottl,4,DoS,Conte×Addit,0.23180308938026428,0.07460546829940871
unsw_nottl,4,DoS,Time×Addit,0.11875265091657639,0.03822035830977883
unsw_nottl,0,Exploits,Basic×Conte,0.5174304246902466,0.12727733099218072
unsw_nottl,0,Exploits,Basic×Time,0.2523373067378998,0.06206983080011471
unsw_nottl,0,Exploits,Basic×Addit,0.33109229803085327,0.08144195237584179
unsw_nottl,0,Exploits,Conte×Time,0.20455119013786316,0.050315420759431906
unsw_nottl,0,Exploits,Conte×Addit,0.2989659905433655,0.07353953598026676
unsw_nottl,0,Exploits,Time×Addit,0.10801292210817337,0.026568975813172267
unsw_nottl,1,Exploits,Basic×Conte,0.5913459062576294,0.13757780401255665
unsw_nottl,1,Exploits,Basic×Time,0.31301993131637573,0.07282471106497607
unsw_nottl,1,Exploits,Basic×Addit,0.37785378098487854,0.08790843544470793
unsw_nottl,1,Exploits,Conte×Time,0.2505813539028168,0.05829825155063047
unsw_nottl,1,Exploits,Conte×Addit,0.3799420893192291,0.08839428454199737
unsw_nottl,1,Exploits,Time×Addit,0.13683031499385834,0.03183384557159697
unsw_nottl,2,Exploits,Basic×Conte,0.4793020188808441,0.11425731167049691
unsw_nottl,2,Exploits,Basic×Time,0.30211129784584045,0.07201810832708364
unsw_nottl,2,Exploits,Basic×Addit,0.3373715281486511,0.08042353739806632
unsw_nottl,2,Exploits,Conte×Time,0.20165970921516418,0.048072186929191456
unsw_nottl,2,Exploits,Conte×Addit,0.3382444977760315,0.0806316382590378
unsw_nottl,2,Exploits,Time×Addit,0.13614144921302795,0.03245376689697007
unsw_nottl,3,Exploits,Basic×Conte,0.4886079430580139,0.13306517439402288
unsw_nottl,3,Exploits,Basic×Time,0.1954907327890396,0.053239020815304836
unsw_nottl,3,Exploits,Basic×Addit,0.26336997747421265,0.07172493300747454
unsw_nottl,3,Exploits,Conte×Time,0.1901564747095108,0.05178631421955686
unsw_nottl,3,Exploits,Conte×Addit,0.24745620787143707,0.06739105232144524
unsw_nottl,3,Exploits,Time×Addit,0.13774782419204712,0.037513590413194825
unsw_nottl,4,Exploits,Basic×Conte,0.4005836248397827,0.10229877004075419
unsw_nottl,4,Exploits,Basic×Time,0.2871013581752777,0.07331831357337135
unsw_nottl,4,Exploits,Basic×Addit,0.3249224126338959,0.08297683956606135
unsw_nottl,4,Exploits,Conte×Time,0.2096848487854004,0.053548125277231
unsw_nottl,4,Exploits,Conte×Addit,0.35478052496910095,0.09060183464381023
unsw_nottl,4,Exploits,Time×Addit,0.12647397816181183,0.03229820593213036
unsw_nottl,0,Fuzzers,Basic×Conte,0.49972519278526306,0.11291756751136503
unsw_nottl,0,Fuzzers,Basic×Time,0.345347136259079,0.07803440598230556
unsw_nottl,0,Fuzzers,Basic×Addit,0.2437950074672699,0.05508775545452351
unsw_nottl,0,Fuzzers,Conte×Time,0.27107611298561096,0.0612521756571201
unsw_nottl,0,Fuzzers,Conte×Addit,0.22335273027420044,0.0504686322877106
unsw_nottl,0,Fuzzers,Time×Addit,0.10916464775800705,0.02466677017895716
unsw_nottl,1,Fuzzers,Basic×Conte,0.6329521536827087,0.1396806770035504
unsw_nottl,1,Fuzzers,Basic×Time,0.2504429221153259,0.05526805890189331
unsw_nottl,1,Fuzzers,Basic×Addit,0.21830110251903534,0.0481749617456327
unsw_nottl,1,Fuzzers,Conte×Time,0.25858402252197266,0.05706464717438434
unsw_nottl,1,Fuzzers,Conte×Addit,0.24037805199623108,0.05304693071075247
unsw_nottl,1,Fuzzers,Time×Addit,0.11526450514793396,0.025436715903195243
unsw_nottl,2,Fuzzers,Basic×Conte,0.6164016723632812,0.140104260343813
unsw_nottl,2,Fuzzers,Basic×Time,0.25488588213920593,0.05793397323579521
unsw_nottl,2,Fuzzers,Basic×Addit,0.2723180949687958,0.06189620662053237
unsw_nottl,2,Fuzzers,Conte×Time,0.23576690256595612,0.05358834827769167
unsw_nottl,2,Fuzzers,Conte×Addit,0.16918134689331055,0.03845386625831176
unsw_nottl,2,Fuzzers,Time×Addit,0.12062198668718338,0.02741662617691462
unsw_nottl,3,Fuzzers,Basic×Conte,0.44996902346611023,0.10509300373982836
unsw_nottl,3,Fuzzers,Basic×Time,0.2892850935459137,0.06756429405675976
unsw_nottl,3,Fuzzers,Basic×Addit,0.18584021925926208,0.043404114148082255
unsw_nottl,3,Fuzzers,Conte×Time,0.25429046154022217,0.059391084790222225
unsw_nottl,3,Fuzzers,Conte×Addit,0.1857452690601349,0.043381937951251844
unsw_nottl,3,Fuzzers,Time×Addit,0.0948244109749794,0.022146818241969676
unsw_nottl,4,Fuzzers,Basic×Conte,0.6582566499710083,0.14477752104287087
unsw_nottl,4,Fuzzers,Basic×Time,0.3017915189266205,0.06637628041263711
unsw_nottl,4,Fuzzers,Basic×Addit,0.22289389371871948,0.04902347038895939
unsw_nottl,4,Fuzzers,Conte×Time,0.257858544588089,0.05671362509870631
unsw_nottl,4,Fuzzers,Conte×Addit,0.186016246676445,0.0409125696925371
unsw_nottl,4,Fuzzers,Time×Addit,0.1203484758734703,0.026469544970060207
unsw_nottl,0,Generic,Basic×Conte,0.3211733102798462,0.04696444929994924
unsw_nottl,0,Generic,Basic×Time,0.10259217768907547,0.015001822920627387
unsw_nottl,0,Generic,Basic×Addit,0.2596263289451599,0.03796457293432217
unsw_nottl,0,Generic,Conte×Time,0.16860999166965485,0.024655459067674808
unsw_nottl,0,Generic,Conte×Addit,0.1804223656654358,0.026382755894280713
unsw_nottl,0,Generic,Time×Addit,0.12239337712526321,0.017897307686122788
unsw_nottl,1,Generic,Basic×Conte,0.2969610393047333,0.04202015381639189
unsw_nottl,1,Generic,Basic×Time,0.16813777387142181,0.02379158941847847
unsw_nottl,1,Generic,Basic×Addit,0.21916057169437408,0.0310113439616427
unsw_nottl,1,Generic,Conte×Time,0.15728023648262024,0.02225524178104819
unsw_nottl,1,Generic,Conte×Addit,0.22697240114212036,0.032116722215134307
unsw_nottl,1,Generic,Time×Addit,0.08189662545919418,0.011588418490505749
unsw_nottl,2,Generic,Basic×Conte,0.29716211557388306,0.04543522095417488
unsw_nottl,2,Generic,Basic×Time,0.12641586363315582,0.019328616924108612
unsw_nottl,2,Generic,Basic×Addit,0.2647605836391449,0.04048112120338563
unsw_nottl,2,Generic,Conte×Time,0.09506403654813766,0.014535013983929253
unsw_nottl,2,Generic,Conte×Addit,0.1848214715719223,0.028258664068698234
unsw_nottl,2,Generic,Time×Addit,0.1231129840016365,0.018823616259561207
unsw_nottl,3,Generic,Basic×Conte,0.34821388125419617,0.052756043072296796
unsw_nottl,3,Generic,Basic×Time,0.13186924159526825,0.01997881119630767
unsw_nottl,3,Generic,Basic×Addit,0.16183516383171082,0.024518789552462908
unsw_nottl,3,Generic,Conte×Time,0.14786264300346375,0.02240188683741733
unsw_nottl,3,Generic,Conte×Addit,0.18629087507724762,0.028223944990799256
unsw_nottl,3,Generic,Time×Addit,0.12656623125076294,0.019175380152318563
unsw_nottl,4,Generic,Basic×Conte,0.2637775242328644,0.03844837512407998
unsw_nottl,4,Generic,Basic×Time,0.10952780395746231,0.015964840466678884
unsw_nottl,4,Generic,Basic×Addit,0.31700965762138367,0.04620752382004706
unsw_nottl,4,Generic,Conte×Time,0.09374623000621796,0.013664508483919858
unsw_nottl,4,Generic,Conte×Addit,0.2550211548805237,0.03717204130995798
unsw_nottl,4,Generic,Time×Addit,0.16095395386219025,0.023460747892736233
unsw_nottl,0,Normal,Basic×Conte,1.2231252193450928,0.1618427889891447
unsw_nottl,0,Normal,Basic×Time,0.9667040109634399,0.12791337369781913
unsw_nottl,0,Normal,Basic×Addit,0.7760903835296631,0.10269155618044495
unsw_nottl,0,Normal,Conte×Time,0.9031991362571716,0.11951046786748086
unsw_nottl,0,Normal,Conte×Addit,0.6789109706878662,0.08983286685093775
unsw_nottl,0,Normal,Time×Addit,0.5817493200302124,0.0769765277970808
unsw_nottl,1,Normal,Basic×Conte,1.4979087114334106,0.18320315380690222
unsw_nottl,1,Normal,Basic×Time,1.1658928394317627,0.1425956358718183
unsw_nottl,1,Normal,Basic×Addit,0.7300828099250793,0.08929347449383979
unsw_nottl,1,Normal,Conte×Time,1.006987452507019,0.12316056094414753
unsw_nottl,1,Normal,Conte×Addit,0.7031095623970032,0.08599448572513907
unsw_nottl,1,Normal,Time×Addit,0.5115938186645508,0.06257097000108387
unsw_nottl,2,Normal,Basic×Conte,1.502920150756836,0.1857300858034326
unsw_nottl,2,Normal,Basic×Time,1.0168250799179077,0.12565871130620757
unsw_nottl,2,Normal,Basic×Addit,0.7842206954956055,0.0969135831932779
unsw_nottl,2,Normal,Conte×Time,0.9045307040214539,0.1117814310927588
unsw_nottl,2,Normal,Conte×Addit,0.6449220776557922,0.07969913289087191
unsw_nottl,2,Normal,Time×Addit,0.5586850047111511,0.06904200054130605
unsw_nottl,3,Normal,Basic×Conte,0.9430888295173645,0.14338743129596082
unsw_nottl,3,Normal,Basic×Time,0.8233076333999634,0.12517587211799727
unsw_nottl,3,Normal,Basic×Addit,0.5768945813179016,0.08771117794499297
unsw_nottl,3,Normal,Conte×Time,0.6854236721992493,0.10421196458915903
unsw_nottl,3,Normal,Conte×Addit,0.5301459431648254,0.08060350480588438
unsw_nottl,3,Normal,Time×Addit,0.41184738278388977,0.06261736588860631
unsw_nottl,4,Normal,Basic×Conte,1.368430495262146,0.18255723129181217
unsw_nottl,4,Normal,Basic×Time,1.0235042572021484,0.13654190260822352
unsw_nottl,4,Normal,Basic×Addit,0.6344921588897705,0.0846452430023431
unsw_nottl,4,Normal,Conte×Time,0.8285037279129028,0.11052760604677263
unsw_nottl,4,Normal,Conte×Addit,0.59466552734375,0.07933211996694346
unsw_nottl,4,Normal,Time×Addit,0.4731634557247162,0.06312297973820198
unsw_nottl,0,Reconnaissance,Basic×Conte,0.39727699756622314,0.04669635899941528
unsw_nottl,0,Reconnaissance,Basic×Time,0.7591816782951355,0.08923501841945637
unsw_nottl,0,Reconnaissance,Basic×Addit,0.5045018792152405,0.0592996851366596
unsw_nottl,0,Reconnaissance,Conte×Time,0.7073600888252258,0.08314385391551642
unsw_nottl,0,Reconnaissance,Conte×Addit,0.5957145094871521,0.07002091429050238
unsw_nottl,0,Reconnaissance,Time×Addit,0.1972101330757141,0.023180287881859902
unsw_nottl,1,Reconnaissance,Basic×Conte,0.5309397578239441,0.058391152062258506
unsw_nottl,1,Reconnaissance,Basic×Time,0.6810647249221802,0.07490144283065372
unsw_nottl,1,Reconnaissance,Basic×Addit,0.5634540319442749,0.06196697379415401
unsw_nottl,1,Reconnaissance,Conte×Time,0.6895996928215027,0.07584009283964607
unsw_nottl,1,Reconnaissance,Conte×Addit,0.6951390504837036,0.07644929467622819
unsw_nottl,1,Reconnaissance,Time×Addit,0.17577895522117615,0.019331638952282182
unsw_nottl,2,Reconnaissance,Basic×Conte,0.5931813716888428,0.06887554846648083
unsw_nottl,2,Reconnaissance,Basic×Time,0.7403380274772644,0.08596222020241881
unsw_nottl,2,Reconnaissance,Basic×Addit,0.5268784761428833,0.06117697849513788
unsw_nottl,2,Reconnaissance,Conte×Time,0.7751011252403259,0.08999863729017712
unsw_nottl,2,Reconnaissance,Conte×Addit,0.4630582332611084,0.053766674595621566
unsw_nottl,2,Reconnaissance,Time×Addit,0.1774602234363556,0.02060528331387775
unsw_nottl,3,Reconnaissance,Basic×Conte,0.45897579193115234,0.05365124250995145
unsw_nottl,3,Reconnaissance,Basic×Time,0.6284897327423096,0.07346630401681449
unsw_nottl,3,Reconnaissance,Basic×Addit,0.6113342642784119,0.07146094291692784
unsw_nottl,3,Reconnaissance,Conte×Time,0.7180300951004028,0.08393298173654833
unsw_nottl,3,Reconnaissance,Conte×Addit,0.5760153532028198,0.06733239518823142
unsw_nottl,3,Reconnaissance,Time×Addit,0.12030360102653503,0.014062697394862296
unsw_nottl,4,Reconnaissance,Basic×Conte,0.6177006363868713,0.0701897145911843
unsw_nottl,4,Reconnaissance,Basic×Time,0.6668933033943176,0.07577950850402283
unsw_nottl,4,Reconnaissance,Basic×Addit,0.5505702495574951,0.0625616462124452
unsw_nottl,4,Reconnaissance,Conte×Time,0.6843589544296265,0.07776414149467067
unsw_nottl,4,Reconnaissance,Conte×Addit,0.6075815558433533,0.06903987705915705
unsw_nottl,4,Reconnaissance,Time×Addit,0.18846051394939423,0.02141488757918501
unsw_nottl,0,Shellcode,Basic×Conte,1.142789602279663,0.14442112127491497
unsw_nottl,0,Shellcode,Basic×Time,0.28827857971191406,0.036431479284098386
unsw_nottl,0,Shellcode,Basic×Addit,0.11523418873548508,0.01456283003729259
unsw_nottl,0,Shellcode,Conte×Time,0.26948073506355286,0.03405588381468527
unsw_nottl,0,Shellcode,Conte×Addit,0.10371507704257965,0.013107091357607552
unsw_nottl,0,Shellcode,Time×Addit,0.09284231066703796,0.011733035181226932
unsw_nottl,1,Shellcode,Basic×Conte,0.9987871646881104,0.12970790296345067
unsw_nottl,1,Shellcode,Basic×Time,0.16680358350276947,0.021662015480234192
unsw_nottl,1,Shellcode,Basic×Addit,0.1267198771238327,0.016456528584496883
unsw_nottl,1,Shellcode,Conte×Time,0.18952763080596924,0.024613083161866552
unsw_nottl,1,Shellcode,Conte×Addit,0.18831171095371246,0.024455177233773148
unsw_nottl,1,Shellcode,Time×Addit,0.0873643085360527,0.011345601600318788
unsw_nottl,2,Shellcode,Basic×Conte,0.8887781500816345,0.13498427498808666
unsw_nottl,2,Shellcode,Basic×Time,0.14407263696193695,0.021881208988027676
unsw_nottl,2,Shellcode,Basic×Addit,0.1493731439113617,0.02268623000207004
unsw_nottl,2,Shellcode,Conte×Time,0.22632025182247162,0.0343726666824241
unsw_nottl,2,Shellcode,Conte×Addit,0.15668831765651703,0.023797231014314756
unsw_nottl,2,Shellcode,Time×Addit,0.09721941500902176,0.014765318261428177
unsw_nottl,3,Shellcode,Basic×Conte,0.6142416596412659,0.09581473764777103
unsw_nottl,3,Shellcode,Basic×Time,0.22176873683929443,0.03459340962178372
unsw_nottl,3,Shellcode,Basic×Addit,0.11285150051116943,0.017603555123483473
unsw_nottl,3,Shellcode,Conte×Time,0.14322100579738617,0.022340853767783962
unsw_nottl,3,Shellcode,Conte×Addit,0.12551161646842957,0.019578389734577224
unsw_nottl,3,Shellcode,Time×Addit,0.06621795147657394,0.010329249976314238
unsw_nottl,4,Shellcode,Basic×Conte,1.2481595277786255,0.17722454008658534
unsw_nottl,4,Shellcode,Basic×Time,0.24115224182605743,0.034240891646706316
unsw_nottl,4,Shellcode,Basic×Addit,0.13342849910259247,0.018945338205273332
unsw_nottl,4,Shellcode,Conte×Time,0.2694006860256195,0.03825185131973689
unsw_nottl,4,Shellcode,Conte×Addit,0.11695124953985214,0.016605755074545134
unsw_nottl,4,Shellcode,Time×Addit,0.10201588273048401,0.01448510186082855
unsw_nottl,0,Worms,Basic×Conte,1.8228404521942139,0.19016612739129543
unsw_nottl,0,Worms,Basic×Time,0.19000118970870972,0.01982169662909946
unsw_nottl,0,Worms,Basic×Addit,0.34222412109375,0.035702211748674925
unsw_nottl,0,Worms,Conte×Time,0.223429337143898,0.023309056883784946
unsw_nottl,0,Worms,Conte×Addit,0.210834339261055,0.021995095495118862
unsw_nottl,0,Worms,Time×Addit,0.1418185532093048,0.014795088085513068
unsw_nottl,1,Worms,Basic×Conte,2.312809705734253,0.22002262956590027
unsw_nottl,1,Worms,Basic×Time,0.23628823459148407,0.022478614899187156
unsw_nottl,1,Worms,Basic×Addit,0.18731559813022614,0.017819741225202784
unsw_nottl,1,Worms,Conte×Time,0.40868300199508667,0.03887890496779894
unsw_nottl,1,Worms,Conte×Addit,0.3760155737400055,0.03577118129817844
unsw_nottl,1,Worms,Time×Addit,0.17314445972442627,0.016471609933529335
unsw_nottl,2,Worms,Basic×Conte,2.038776397705078,0.20882947082770661
unsw_nottl,2,Worms,Basic×Time,0.27858826518058777,0.02853546865755245
unsw_nottl,2,Worms,Basic×Addit,0.1653917282819748,0.016940880390455094
unsw_nottl,2,Worms,Conte×Time,0.21975187957286835,0.022508926813284792
unsw_nottl,2,Worms,Conte×Addit,0.14411711692810059,0.0147617469474274
unsw_nottl,2,Worms,Time×Addit,0.16353368759155273,0.016750563465757543
unsw_nottl,3,Worms,Basic×Conte,1.6591863632202148,0.1934964622989068
unsw_nottl,3,Worms,Basic×Time,0.1369381695985794,0.015969906671355647
unsw_nottl,3,Worms,Basic×Addit,0.2980523109436035,0.034759246475283695
unsw_nottl,3,Worms,Conte×Time,0.16207002103328705,0.018900815731022386
unsw_nottl,3,Worms,Conte×Addit,0.08906370401382446,0.010386724498183854
unsw_nottl,3,Worms,Time×Addit,0.13866059482097626,0.01617077813130506
unsw_nottl,4,Worms,Basic×Conte,1.9057201147079468,0.20704602333713812
unsw_nottl,4,Worms,Basic×Time,0.3984575867652893,0.04329022828250353
unsw_nottl,4,Worms,Basic×Addit,0.2882278263568878,0.0313143702486691
unsw_nottl,4,Worms,Conte×Time,0.44536447525024414,0.04838640408133894
unsw_nottl,4,Worms,Conte×Addit,0.2449432760477066,0.0266117415970186
unsw_nottl,4,Worms,Time×Addit,0.2031903713941574,0.022075517833322393
nsl,0,DoS,Basic×Conte,0.08876953274011612,0.010116419524030407
nsl,0,DoS,Basic×Time,1.0621193647384644,0.12104203713393251
nsl,0,DoS,Basic×Host,1.3203731775283813,0.1504733502570052
nsl,0,DoS,Conte×Time,0.09926530718803406,0.011312546779263242
nsl,0,DoS,Conte×Host,0.13603147864341736,0.01550252056029007
nsl,0,DoS,Time×Host,1.3603582382202148,0.15503015748766447
nsl,1,DoS,Basic×Conte,0.10974714159965515,0.011204797101234787
nsl,1,DoS,Basic×Time,1.8291023969650269,0.18674492052046057
nsl,1,DoS,Basic×Host,1.7623248100280762,0.17992716379684537
nsl,1,DoS,Conte×Time,0.1313226968050003,0.013407585391651109
nsl,1,DoS,Conte×Host,0.08091586083173752,0.008261224754251083
nsl,1,DoS,Time×Host,1.5630733966827393,0.15958429539838695
nsl,2,DoS,Basic×Conte,0.15558631718158722,0.01937645033585928
nsl,2,DoS,Basic×Time,0.8867710828781128,0.11043693403070896
nsl,2,DoS,Basic×Host,0.7204915285110474,0.08972876646542159
nsl,2,DoS,Conte×Time,0.055094633251428604,0.006861390155040092
nsl,2,DoS,Conte×Host,0.1889176070690155,0.02352747142070256
nsl,2,DoS,Time×Host,1.1514402627944946,0.14339837506859276
nsl,3,DoS,Basic×Conte,0.12411554157733917,0.013764433989161285
nsl,3,DoS,Basic×Time,1.2573238611221313,0.13943742314195998
nsl,3,DoS,Basic×Host,1.4838879108428955,0.1645634135462744
nsl,3,DoS,Conte×Time,0.08985540270805359,0.009964978949665419
nsl,3,DoS,Conte×Host,0.1228359118103981,0.013622522837392667
nsl,3,DoS,Time×Host,0.9387940764427185,0.10411241759404857
nsl,4,DoS,Basic×Conte,0.0417340062558651,0.005161660069135741
nsl,4,DoS,Basic×Time,1.0693963766098022,0.1322628971056314
nsl,4,DoS,Basic×Host,0.7751966714859009,0.09587629043816966
nsl,4,DoS,Conte×Time,0.0891333818435669,0.011024012769545961
nsl,4,DoS,Conte×Host,0.058838099241256714,0.007277093541786678
nsl,4,DoS,Time×Host,0.5951099395751953,0.07360317130875446
nsl,0,Normal,Basic×Conte,0.6509568691253662,0.11674171063650678
nsl,0,Normal,Basic×Time,0.39504683017730713,0.07084715581601242
nsl,0,Normal,Basic×Host,0.40691179037094116,0.07297500147727717
nsl,0,Normal,Conte×Time,0.26074549555778503,0.04676173896602228
nsl,0,Normal,Conte×Host,0.26729822158813477,0.04793689585029209
nsl,0,Normal,Time×Host,0.42348745465278625,0.07594765833824405
nsl,1,Normal,Basic×Conte,0.7349947094917297,0.12198671809845164
nsl,1,Normal,Basic×Time,0.38525938987731934,0.06394131546912155
nsl,1,Normal,Basic×Host,0.4896523952484131,0.08126737231442874
nsl,1,Normal,Conte×Time,0.1932675540447235,0.03207652290332062
nsl,1,Normal,Conte×Host,0.2746017873287201,0.04557552644612127
nsl,1,Normal,Time×Host,0.33825576305389404,0.05614014615338714
nsl,2,Normal,Basic×Conte,0.5777225494384766,0.11735872638622907
nsl,2,Normal,Basic×Time,0.24291980266571045,0.04934679922490693
nsl,2,Normal,Basic×Host,0.29431599378585815,0.05978743640762797
nsl,2,Normal,Conte×Time,0.10764037817716599,0.02186609766726705
nsl,2,Normal,Conte×Host,0.07998795807361603,0.016248777020870547
nsl,2,Normal,Time×Host,0.2806190252304077,0.057005030239507516
nsl,3,Normal,Basic×Conte,0.5123445391654968,0.0940575416198178
nsl,3,Normal,Basic×Time,0.28426963090896606,0.05218695740179158
nsl,3,Normal,Basic×Host,0.3047160506248474,0.05594056425497512
nsl,3,Normal,Conte×Time,0.1132863312959671,0.020797399027971272
nsl,3,Normal,Conte×Host,0.23429171741008759,0.04301188219429733
nsl,3,Normal,Time×Host,0.3434464931488037,0.06305079951889439
nsl,4,Normal,Basic×Conte,0.43207377195358276,0.08599660416982624
nsl,4,Normal,Basic×Time,0.24246644973754883,0.048258636964391095
nsl,4,Normal,Basic×Host,0.2788657546043396,0.05550327159827142
nsl,4,Normal,Conte×Time,0.14775842428207397,0.029408687938382496
nsl,4,Normal,Conte×Host,0.06208418309688568,0.01235675309531045
nsl,4,Normal,Time×Host,0.16750434041023254,0.033338761558834196
nsl,0,Probe,Basic×Conte,0.07228723168373108,0.0073074621610093584
nsl,0,Probe,Basic×Time,0.5291441679000854,0.053490787993737694
nsl,0,Probe,Basic×Host,0.2862281799316406,0.028934592535181793
nsl,0,Probe,Conte×Time,0.1134023442864418,0.011463758129078171
nsl,0,Probe,Conte×Host,0.09438805282115936,0.009541617632553586
nsl,0,Probe,Time×Host,0.32760709524154663,0.03311755612152703
nsl,1,Probe,Basic×Conte,0.09405545145273209,0.009353319373235598
nsl,1,Probe,Basic×Time,0.9636756777763367,0.09583247166689912
nsl,1,Probe,Basic×Host,0.6784968972206116,0.06747294362457122
nsl,1,Probe,Conte×Time,0.048202428966760635,0.004793477738165902
nsl,1,Probe,Conte×Host,0.08702489733695984,0.008654167787655454
nsl,1,Probe,Time×Host,0.7003008723258972,0.06964123413422132
nsl,2,Probe,Basic×Conte,0.05105495825409889,0.005896695747511734
nsl,2,Probe,Basic×Time,0.48868077993392944,0.056441175851823816
nsl,2,Probe,Basic×Host,0.24592052400112152,0.028403088704647986
nsl,2,Probe,Conte×Time,0.05853141471743584,0.006760204220369533
nsl,2,Probe,Conte×Host,0.08720503747463226,0.010071922321021226
nsl,2,Probe,Time×Host,0.4957033693790436,0.057252264034707616
nsl,3,Probe,Basic×Conte,0.03972368314862251,0.003625210922388856
nsl,3,Probe,Basic×Time,0.48345792293548584,0.04412070593212173
nsl,3,Probe,Basic×Host,0.5068902373313904,0.04625915522362023
nsl,3,Probe,Conte×Time,0.06092382222414017,0.00555995034333287
nsl,3,Probe,Conte×Host,0.07160653173923492,0.006534861835551129
nsl,3,Probe,Time×Host,0.437834769487381,0.03995710525151294
nsl,4,Probe,Basic×Conte,0.06485031545162201,0.006850413534104428
nsl,4,Probe,Basic×Time,0.5409306287765503,0.05714079375831032
nsl,4,Probe,Basic×Host,0.2172526866197586,0.022949321593520765
nsl,4,Probe,Conte×Time,0.11820020526647568,0.012485988391150286
nsl,4,Probe,Conte×Host,0.02748289704322815,0.0029031348352002466
nsl,4,Probe,Time×Host,0.5163748264312744,0.05454686033554446
nsl,0,R2L,Basic×Conte,0.46961691975593567,0.08846256822648352
nsl,0,R2L,Basic×Time,0.25683245062828064,0.048379982131578785
nsl,0,R2L,Basic×Host,0.258675754070282,0.04872720845507859
nsl,0,R2L,Conte×Time,0.22077475488185883,0.04158773032831035
nsl,0,R2L,Conte×Host,0.35127463936805725,0.0661702239507894
nsl,0,R2L,Time×Host,0.12554968893527985,0.02365001654757904
nsl,1,R2L,Basic×Conte,0.31081143021583557,0.05592914523246328
nsl,1,R2L,Basic×Time,0.20808561146259308,0.03744408748479915
nsl,1,R2L,Basic×Host,0.24360869824886322,0.043836310185859505
nsl,1,R2L,Conte×Time,0.12180337309837341,0.02191797946134786
nsl,1,R2L,Conte×Host,0.29770776629447937,0.05357119873729741
nsl,1,R2L,Time×Host,0.0914296805858612,0.01645236753517512
nsl,2,R2L,Basic×Conte,0.4224110245704651,0.09716754523168966
nsl,2,R2L,Basic×Time,0.12719134986400604,0.029257927757822547
nsl,2,R2L,Basic×Host,0.14857812225818634,0.034177544086692074
nsl,2,R2L,Conte×Time,0.14638587832450867,0.033673260464357334
nsl,2,R2L,Conte×Host,0.12674975395202637,0.029156347097623048
nsl,2,R2L,Time×Host,0.08102920651435852,0.018639213067599376
nsl,3,R2L,Basic×Conte,0.22183704376220703,0.0382566851121302
nsl,3,R2L,Basic×Time,0.06557491421699524,0.011308656128431172
nsl,3,R2L,Basic×Host,0.27389150857925415,0.04723368568612315
nsl,3,R2L,Conte×Time,0.07504896819591522,0.012942494614826534
nsl,3,R2L,Conte×Host,0.21383251249790192,0.036876271693093765
nsl,3,R2L,Time×Host,0.12256826460361481,0.02113738726480266
nsl,4,R2L,Basic×Conte,0.09525136649608612,0.018411276246435668
nsl,4,R2L,Basic×Time,0.06149455904960632,0.011886373455456666
nsl,4,R2L,Basic×Host,0.08702327311038971,0.016820856015438233
nsl,4,R2L,Conte×Time,0.07784327119588852,0.015046439989631039
nsl,4,R2L,Conte×Host,0.19794072210788727,0.0382602523114145
nsl,4,R2L,Time×Host,0.07206618785858154,0.013929779083498949
nsl,0,U2R,Basic×Conte,0.6954820156097412,0.08580002463939951
nsl,0,U2R,Basic×Time,0.18005254864692688,0.022212670872228123
nsl,0,U2R,Basic×Host,0.3851756751537323,0.047518241560443146
nsl,0,U2R,Conte×Time,0.1519070863723755,0.018740429602945797
nsl,0,U2R,Conte×Host,0.11155110597610474,0.01376180465703475
nsl,0,U2R,Time×Host,0.23195771872997284,0.02861609291921396
nsl,1,U2R,Basic×Conte,0.3227059245109558,0.04032979886703662
nsl,1,U2R,Basic×Time,0.22592702507972717,0.028234968087126017
nsl,1,U2R,Basic×Host,0.20080746710300446,0.025095680445086775
nsl,1,U2R,Conte×Time,0.17345014214515686,0.021676730468379122
nsl,1,U2R,Conte×Host,0.16064205765724182,0.0200760549553639
nsl,1,U2R,Time×Host,0.17666833102703094,0.02207891989368578
nsl,2,U2R,Basic×Conte,0.24908354878425598,0.029229405405248123
nsl,2,U2R,Basic×Time,0.205041766166687,0.024061199294559767
nsl,2,U2R,Basic×Host,0.20824286341667175,0.024436841000798952
nsl,2,U2R,Conte×Time,0.1428801715373993,0.01676667318504984
nsl,2,U2R,Conte×Host,0.19959238171577454,0.02342172604109838
nsl,2,U2R,Time×Host,0.19052954018115997,0.02235822156385884
nsl,3,U2R,Basic×Conte,0.39995360374450684,0.05959838635036663
nsl,3,U2R,Basic×Time,0.19653940200805664,0.02928697504980804
nsl,3,U2R,Basic×Host,0.3056987524032593,0.04555316462204711
nsl,3,U2R,Conte×Time,0.1623719483613968,0.024195571737081055
nsl,3,U2R,Conte×Host,0.19532287120819092,0.029105695841573093
nsl,3,U2R,Time×Host,0.10630473494529724,0.015840814046497165
nsl,4,U2R,Basic×Conte,0.3364253640174866,0.0418491674795485
nsl,4,U2R,Basic×Time,0.2731972336769104,0.033983991725725256
nsl,4,U2R,Basic×Host,0.21211479604244232,0.026385726446026953
nsl,4,U2R,Conte×Time,0.07553084939718246,0.009395555461540491
nsl,4,U2R,Conte×Host,0.20684783160686493,0.02573054969555505
nsl,4,U2R,Time×Host,0.10748579353094101,0.013370546505270975
