ds,model,grouping,seed,class,f1
unsw_nottl,xgb,tax,0,Analysis,5.799648506151142
unsw_nottl,xgb,tax,0,Backdoor,4.582565183039241
unsw_nottl,xgb,tax,0,DoS,31.88334762896704
unsw_nottl,xgb,tax,0,Exploits,69.51962590335837
unsw_nottl,xgb,tax,0,Fuzzers,38.519495196835564
unsw_nottl,xgb,tax,0,Generic,98.32912480524365
unsw_nottl,xgb,tax,0,Normal,76.85602447287918
unsw_nottl,xgb,tax,0,Reconnaissance,85.84448037630456
unsw_nottl,xgb,tax,0,Shellcode,36.400817995910025
unsw_nottl,xgb,tax,0,Worms,55.10204081632652
unsw_nottl,xgb,tax,1,Analysis,2.849740932642487
unsw_nottl,xgb,tax,1,Backdoor,4.5288912024986985
unsw_nottl,xgb,tax,1,DoS,31.19062307217767
unsw_nottl,xgb,tax,1,Exploits,69.04872389791183
unsw_nottl,xgb,tax,1,Fuzzers,38.31414007929016
unsw_nottl,xgb,tax,1,Generic,98.33431841384129
unsw_nottl,xgb,tax,1,Normal,76.7997629941736
unsw_nottl,xgb,tax,1,Reconnaissance,86.08452363422177
unsw_nottl,xgb,tax,1,Shellcode,35.36404160475483
unsw_nottl,xgb,tax,1,Worms,53.46534653465347
unsw_nottl,xgb,tax,2,Analysis,3.3697347893915754
unsw_nottl,xgb,tax,2,Backdoor,4.57267283614589
unsw_nottl,xgb,tax,2,DoS,31.592324310585845
unsw_nottl,xgb,tax,2,Exploits,68.68788182730007
unsw_nottl,xgb,tax,2,Fuzzers,37.719173200285105
unsw_nottl,xgb,tax,2,Generic,98.33615568636938
unsw_nottl,xgb,tax,2,Normal,76.8469179659233
unsw_nottl,xgb,tax,2,Reconnaissance,85.9708523480053
unsw_nottl,xgb,tax,2,Shellcode,34.87229862475442
unsw_nottl,xgb,tax,2,Worms,59.4059405940594
unsw_nottl,xgb,tax,3,Analysis,3.572528487834924
unsw_nottl,xgb,tax,3,Backdoor,4.662379421221865
unsw_nottl,xgb,tax,3,DoS,31.636753281542994
unsw_nottl,xgb,tax,3,Exploits,68.70318563306562
unsw_nottl,xgb,tax,3,Fuzzers,38.56565466679199
unsw_nottl,xgb,tax,3,Generic,98.33422890918861
unsw_nottl,xgb,tax,3,Normal,76.7897165458141
unsw_nottl,xgb,tax,3,Reconnaissance,85.82781456953641
unsw_nottl,xgb,tax,3,Shellcode,36.004056795131845
unsw_nottl,xgb,tax,3,Worms,51.78571428571429
unsw_nottl,xgb,tax,4,Analysis,5.558739255014326
unsw_nottl,xgb,tax,4,Backdoor,3.4777956126270735
unsw_nottl,xgb,tax,4,DoS,31.783889024093455
unsw_nottl,xgb,tax,4,Exploits,69.07532149418249
unsw_nottl,xgb,tax,4,Fuzzers,37.976470588235294
unsw_nottl,xgb,tax,4,Generic,98.33924540470815
unsw_nottl,xgb,tax,4,Normal,76.5833855902835
unsw_nottl,xgb,tax,4,Reconnaissance,85.92418454305026
unsw_nottl,xgb,tax,4,Shellcode,34.9457058242843
unsw_nottl,xgb,tax,4,Worms,59.79381443298969
unsw_nottl,flat,tax,0,Analysis,0.2599090318388564
unsw_nottl,flat,tax,0,Backdoor,7.655502392344498
unsw_nottl,flat,tax,0,DoS,35.498700779532285
unsw_nottl,flat,tax,0,Exploits,67.44444444444444
unsw_nottl,flat,tax,0,Fuzzers,37.99251595861765
unsw_nottl,flat,tax,0,Generic,98.27127302056728
unsw_nottl,flat,tax,0,Normal,81.90062785830555
unsw_nottl,flat,tax,0,Reconnaissance,84.66647415535662
unsw_nottl,flat,tax,0,Shellcode,47.56671899529042
unsw_nottl,flat,tax,0,Worms,56.310679611650485
unsw_nottl,flat,tax,1,Analysis,3.5541195476575123
unsw_nottl,flat,tax,1,Backdoor,7.913669064748201
unsw_nottl,flat,tax,1,DoS,39.383219954648524
unsw_nottl,flat,tax,1,Exploits,67.01993193971803
unsw_nottl,flat,tax,1,Fuzzers,37.818719315842266
unsw_nottl,flat,tax,1,Generic,98.17662743408118
unsw_nottl,flat,tax,1,Normal,81.26369841568038
unsw_nottl,flat,tax,1,Reconnaissance,84.87578090948715
unsw_nottl,flat,tax,1,Shellcode,44.18434528163863
unsw_nottl,flat,tax,1,Worms,53.70370370370371
unsw_nottl,flat,tax,2,Analysis,1.1500862564692353
unsw_nottl,flat,tax,2,Backdoor,7.2362420188507155
unsw_nottl,flat,tax,2,DoS,38.47573353017162
unsw_nottl,flat,tax,2,Exploits,67.71575120760919
unsw_nottl,flat,tax,2,Fuzzers,38.77843820455011
unsw_nottl,flat,tax,2,Generic,98.20877084620136
unsw_nottl,flat,tax,2,Normal,81.15706101493285
unsw_nottl,flat,tax,2,Reconnaissance,85.25612472160357
unsw_nottl,flat,tax,2,Shellcode,47.634322373696875
unsw_nottl,flat,tax,2,Worms,52.083333333333336
unsw_nottl,flat,tax,3,Analysis,0.9306260575296108
unsw_nottl,flat,tax,3,Backdoor,6.453827669069688
unsw_nottl,flat,tax,3,DoS,38.62637855285573
unsw_nottl,flat,tax,3,Exploits,67.34310037616314
unsw_nottl,flat,tax,3,Fuzzers,37.5435584061411
unsw_nottl,flat,tax,3,Generic,98.18532715040072
unsw_nottl,flat,tax,3,Normal,79.16852785399783
unsw_nottl,flat,tax,3,Reconnaissance,85.3647620468447
unsw_nottl,flat,tax,3,Shellcode,43.94993045897079
unsw_nottl,flat,tax,3,Worms,55.670103092783506
unsw_nottl,flat,tax,4,Analysis,0.0
unsw_nottl,flat,tax,4,Backdoor,7.912772585669782
unsw_nottl,flat,tax,4,DoS,38.768593485219355
unsw_nottl,flat,tax,4,Exploits,67.95880695618382
unsw_nottl,flat,tax,4,Fuzzers,36.59460236805522
unsw_nottl,flat,tax,4,Generic,98.17115808724651
unsw_nottl,flat,tax,4,Normal,77.60323886639677
unsw_nottl,flat,tax,4,Reconnaissance,85.14503369469675
unsw_nottl,flat,tax,4,Shellcode,42.267319804058786
unsw_nottl,flat,tax,4,Worms,57.14285714285714
unsw_nottl,sfg,tax,0,Analysis,0.5056890012642226
unsw_nottl,sfg,tax,0,Backdoor,5.401111993645751
unsw_nottl,sfg,tax,0,DoS,37.52428531779073
unsw_nottl,sfg,tax,0,Exploits,69.18238993710692
unsw_nottl,sfg,tax,0,Fuzzers,38.57857653425916
unsw_nottl,sfg,tax,0,Generic,98.08304984070413
unsw_nottl,sfg,tax,0,Normal,79.92171713153749
unsw_nottl,sfg,tax,0,Reconnaissance,85.71002386634845
unsw_nottl,sfg,tax,0,Shellcode,37.62803234501348
unsw_nottl,sfg,tax,0,Worms,58.252427184466015
unsw_nottl,sfg,tax,1,Analysis,0.0
unsw_nottl,sfg,tax,1,Backdoor,5.73919360697421
unsw_nottl,sfg,tax,1,DoS,33.502118425131755
unsw_nottl,sfg,tax,1,Exploits,69.29638488965114
unsw_nottl,sfg,tax,1,Fuzzers,39.2090395480226
unsw_nottl,sfg,tax,1,Generic,98.10007016786312
unsw_nottl,sfg,tax,1,Normal,78.1587508132726
unsw_nottl,sfg,tax,1,Reconnaissance,85.21178367287116
unsw_nottl,sfg,tax,1,Shellcode,47.27815063385533
unsw_nottl,sfg,tax,1,Worms,55.23809523809524
unsw_nottl,sfg,tax,2,Analysis,2.2980736735383576
unsw_nottl,sfg,tax,2,Backdoor,6.392694063926941
unsw_nottl,sfg,tax,2,DoS,38.38951310861423
unsw_nottl,sfg,tax,2,Exploits,69.08353762021497
unsw_nottl,sfg,tax,2,Fuzzers,38.009189942691926
unsw_nottl,sfg,tax,2,Generic,98.15563824623848
unsw_nottl,sfg,tax,2,Normal,79.95511868263851
unsw_nottl,sfg,tax,2,Reconnaissance,85.48533413970367
unsw_nottl,sfg,tax,2,Shellcode,47.204066811909954
unsw_nottl,sfg,tax,2,Worms,62.71186440677966
unsw_nottl,sfg,tax,3,Analysis,0.39100684261974583
unsw_nottl,sfg,tax,3,Backdoor,5.1120448179271705
unsw_nottl,sfg,tax,3,DoS,38.18214672930972
unsw_nottl,sfg,tax,3,Exploits,68.4516538818586
unsw_nottl,sfg,tax,3,Fuzzers,41.567214591308264
unsw_nottl,sfg,tax,3,Generic,98.03148543191207
unsw_nottl,sfg,tax,3,Normal,83.42676837300493
unsw_nottl,sfg,tax,3,Reconnaissance,85.6929955290611
unsw_nottl,sfg,tax,3,Shellcode,48.006019563581646
unsw_nottl,sfg,tax,3,Worms,57.14285714285714
unsw_nottl,sfg,tax,4,Analysis,0.0
unsw_nottl,sfg,tax,4,Backdoor,6.211180124223603
unsw_nottl,sfg,tax,4,DoS,28.932490854672434
unsw_nottl,sfg,tax,4,Exploits,69.29038281979459
unsw_nottl,sfg,tax,4,Fuzzers,37.46238468748459
unsw_nottl,sfg,tax,4,Generic,98.0562604610982
unsw_nottl,sfg,tax,4,Normal,78.99256232642769
unsw_nottl,sfg,tax,4,Reconnaissance,84.8800231280717
unsw_nottl,sfg,tax,4,Shellcode,44.04040404040404
unsw_nottl,sfg,tax,4,Worms,57.692307692307686
unsw,xgb,tax,0,Analysis,1.1854951185495117
unsw,xgb,tax,0,Backdoor,7.35632183908046
unsw,xgb,tax,0,DoS,33.40181268882175
unsw,xgb,tax,0,Exploits,70.12584522915103
unsw,xgb,tax,0,Fuzzers,38.55535150915854
unsw,xgb,tax,0,Generic,98.41713471822848
unsw,xgb,tax,0,Normal,77.13800326576391
unsw,xgb,tax,0,Reconnaissance,86.01234205113136
unsw,xgb,tax,0,Shellcode,37.34177215189873
unsw,xgb,tax,0,Worms,60.416666666666664
unsw,xgb,tax,1,Analysis,3.1686859273066172
unsw,xgb,tax,1,Backdoor,5.624355005159959
unsw,xgb,tax,1,DoS,33.272837265577735
unsw,xgb,tax,1,Exploits,70.09481107841764
unsw,xgb,tax,1,Fuzzers,38.54832643851071
unsw,xgb,tax,1,Generic,98.43052942757323
unsw,xgb,tax,1,Normal,77.1379054221342
unsw,xgb,tax,1,Reconnaissance,86.08004708652149
unsw,xgb,tax,1,Shellcode,36.77685950413223
unsw,xgb,tax,1,Worms,65.95744680851064
unsw,xgb,tax,2,Analysis,3.307737743650325
unsw,xgb,tax,2,Backdoor,4.15824429685244
unsw,xgb,tax,2,DoS,34.17736709468379
unsw,xgb,tax,2,Exploits,69.80468388410627
unsw,xgb,tax,2,Fuzzers,37.98861658591655
unsw,xgb,tax,2,Generic,98.41440472991131
unsw,xgb,tax,2,Normal,76.98459911428382
unsw,xgb,tax,2,Reconnaissance,86.03795792261292
unsw,xgb,tax,2,Shellcode,35.9437751004016
unsw,xgb,tax,2,Worms,70.58823529411765
unsw,xgb,tax,3,Analysis,3.8554216867469884
unsw,xgb,tax,3,Backdoor,5.485017775520569
unsw,xgb,tax,3,DoS,33.95946613939694
unsw,xgb,tax,3,Exploits,69.86487118342919
unsw,xgb,tax,3,Fuzzers,38.537986905939434
unsw,xgb,tax,3,Generic,98.42242468220054
unsw,xgb,tax,3,Normal,77.25385527876631
unsw,xgb,tax,3,Reconnaissance,85.88269967580312
unsw,xgb,tax,3,Shellcode,37.5
unsw,xgb,tax,3,Worms,65.34653465346535
unsw,xgb,tax,4,Analysis,2.528363047001621
unsw,xgb,tax,4,Backdoor,5.156723963599596
unsw,xgb,tax,4,DoS,33.9859437751004
unsw,xgb,tax,4,Exploits,69.66911764705883
unsw,xgb,tax,4,Fuzzers,37.82361509185735
unsw,xgb,tax,4,Generic,98.4416980118216
unsw,xgb,tax,4,Normal,76.85232667780517
unsw,xgb,tax,4,Reconnaissance,86.08746697974757
unsw,xgb,tax,4,Shellcode,34.94094488188976
unsw,xgb,tax,4,Worms,67.36842105263158
unsw,rf,tax,0,Analysis,0.23405500292568754
unsw,rf,tax,0,Backdoor,4.235513148708401
unsw,rf,tax,0,DoS,26.382393397524073
unsw,rf,tax,0,Exploits,70.37538350478253
unsw,rf,tax,0,Fuzzers,38.945729537366546
unsw,rf,tax,0,Generic,98.39494555719854
unsw,rf,tax,0,Normal,85.0664133761515
unsw,rf,tax,0,Reconnaissance,85.77148136741609
unsw,rf,tax,0,Shellcode,44.88392089423904
unsw,rf,tax,0,Worms,32.78688524590164
unsw,rf,tax,1,Analysis,1.1487650775416427
unsw,rf,tax,1,Backdoor,3.7435657463734207
unsw,rf,tax,1,DoS,25.8601856908793
unsw,rf,tax,1,Exploits,70.34620264636577
unsw,rf,tax,1,Fuzzers,39.13935562579715
unsw,rf,tax,1,Generic,98.40075258701788
unsw,rf,tax,1,Normal,85.23680241327301
unsw,rf,tax,1,Reconnaissance,85.99227799227799
unsw,rf,tax,1,Shellcode,44.16243654822335
unsw,rf,tax,1,Worms,35.483870967741936
unsw,rf,tax,2,Analysis,1.1422044545973729
unsw,rf,tax,2,Backdoor,4.028103044496487
unsw,rf,tax,2,DoS,26.628895184135974
unsw,rf,tax,2,Exploits,70.18515157015793
unsw,rf,tax,2,Fuzzers,39.289914319314555
unsw,rf,tax,2,Generic,98.4033116499113
unsw,rf,tax,2,Normal,85.24392631753346
unsw,rf,tax,2,Reconnaissance,85.70548367221195
unsw,rf,tax,2,Shellcode,43.99664147774979
unsw,rf,tax,2,Worms,27.11864406779661
unsw,rf,tax,3,Analysis,2.1540118470651586
unsw,rf,tax,3,Backdoor,3.7107516650808754
unsw,rf,tax,3,DoS,26.216619221905923
unsw,rf,tax,3,Exploits,70.29972752043598
unsw,rf,tax,3,Fuzzers,38.986441431429206
unsw,rf,tax,3,Generic,98.39494555719854
unsw,rf,tax,3,Normal,85.0986837145485
unsw,rf,tax,3,Reconnaissance,85.89070700833591
unsw,rf,tax,3,Shellcode,44.675324675324674
unsw,rf,tax,3,Worms,27.11864406779661
unsw,rf,tax,4,Analysis,0.9248554913294799
unsw,rf,tax,4,Backdoor,4.128014842300557
unsw,rf,tax,4,DoS,26.51556526488258
unsw,rf,tax,4,Exploits,70.20526268197848
unsw,rf,tax,4,Fuzzers,39.370166360652085
unsw,rf,tax,4,Generic,98.39503185740786
unsw,rf,tax,4,Normal,85.18378973068288
unsw,rf,tax,4,Reconnaissance,85.82470242695935
unsw,rf,tax,4,Shellcode,45.84070796460177
unsw,rf,tax,4,Worms,27.586206896551722
unsw,lgbm,tax,0,Analysis,6.243496357960457
unsw,lgbm,tax,0,Backdoor,5.5134807634050285
unsw,lgbm,tax,0,DoS,37.70786992903294
unsw,lgbm,tax,0,Exploits,70.27389389005938
unsw,lgbm,tax,0,Fuzzers,38.979391560353285
unsw,lgbm,tax,0,Generic,98.45798409628198
unsw,lgbm,tax,0,Normal,79.4437453618559
unsw,lgbm,tax,0,Reconnaissance,86.19469026548673
unsw,lgbm,tax,0,Shellcode,40.56603773584906
unsw,lgbm,tax,0,Worms,67.41573033707866
unsw,lgbm,tax,1,Analysis,4.230488694383661
unsw,lgbm,tax,1,Backdoor,6.3879210220673635
unsw,lgbm,tax,1,DoS,37.170418006430864
unsw,lgbm,tax,1,Exploits,70.37758252196627
unsw,lgbm,tax,1,Fuzzers,39.226682408500594
unsw,lgbm,tax,1,Generic,98.45864661654136
unsw,lgbm,tax,1,Normal,79.60019345477994
unsw,lgbm,tax,1,Reconnaissance,85.98378776713338
unsw,lgbm,tax,1,Shellcode,42.06008583690987
unsw,lgbm,tax,1,Worms,60.75949367088608
unsw,lgbm,tax,2,Analysis,6.853582554517133
unsw,lgbm,tax,2,Backdoor,5.553719008264463
unsw,lgbm,tax,2,DoS,37.65819302299989
unsw,lgbm,tax,2,Exploits,70.40548150929229
unsw,lgbm,tax,2,Fuzzers,39.25095841934533
unsw,lgbm,tax,2,Generic,98.43938864863414
unsw,lgbm,tax,2,Normal,79.49301687252766
unsw,lgbm,tax,2,Reconnaissance,86.0827034237439
unsw,lgbm,tax,2,Shellcode,40.80425783560024
unsw,lgbm,tax,2,Worms,62.7906976744186
unsw,lgbm,tax,3,Analysis,4.895104895104895
unsw,lgbm,tax,3,Backdoor,6.195488721804511
unsw,lgbm,tax,3,DoS,37.56665578408967
unsw,lgbm,tax,3,Exploits,70.4554008280015
unsw,lgbm,tax,3,Fuzzers,39.11264481143702
unsw,lgbm,tax,3,Generic,98.45029946552789
unsw,lgbm,tax,3,Normal,79.52778763345482
unsw,lgbm,tax,3,Reconnaissance,86.0781990521327
unsw,lgbm,tax,3,Shellcode,41.33811230585424
unsw,lgbm,tax,3,Worms,64.28571428571429
unsw,lgbm,tax,4,Analysis,5.099150141643059
unsw,lgbm,tax,4,Backdoor,7.207771858351614
unsw,lgbm,tax,4,DoS,39.04761904761905
unsw,lgbm,tax,4,Exploits,70.07167608107466
unsw,lgbm,tax,4,Fuzzers,39.18475331928862
unsw,lgbm,tax,4,Generic,98.42591597722145
unsw,lgbm,tax,4,Normal,79.371951022518
unsw,lgbm,tax,4,Reconnaissance,85.84488351518726
unsw,lgbm,tax,4,Shellcode,40.581395348837205
unsw,lgbm,tax,4,Worms,58.82352941176471
unsw,flat,tax,0,Analysis,3.445255474452555
unsw,flat,tax,0,Backdoor,7.390562819783968
unsw,flat,tax,0,DoS,38.6707509514527
unsw,flat,tax,0,Exploits,67.96751093382035
unsw,flat,tax,0,Fuzzers,37.6475780646585
unsw,flat,tax,0,Generic,98.30399139900551
unsw,flat,tax,0,Normal,81.73815670782916
unsw,flat,tax,0,Reconnaissance,85.09005019191025
unsw,flat,tax,0,Shellcode,44.776119402985074
unsw,flat,tax,0,Worms,48.888888888888886
unsw,flat,tax,1,Analysis,3.262642740619902
unsw,flat,tax,1,Backdoor,9.571788413098236
unsw,flat,tax,1,DoS,39.64436125409453
unsw,flat,tax,1,Exploits,68.40344168260039
unsw,flat,tax,1,Fuzzers,38.848691210895936
unsw,flat,tax,1,Generic,98.2771132912243
unsw,flat,tax,1,Normal,81.55868544600939
unsw,flat,tax,1,Reconnaissance,85.0422195416164
unsw,flat,tax,1,Shellcode,44.81751824817518
unsw,flat,tax,1,Worms,56.60377358490566
unsw,flat,tax,2,Analysis,0.0
unsw,flat,tax,2,Backdoor,7.267355982274741
unsw,flat,tax,2,DoS,39.097881665449236
unsw,flat,tax,2,Exploits,69.47419668938656
unsw,flat,tax,2,Fuzzers,39.21233790490421
unsw,flat,tax,2,Generic,98.2011777042833
unsw,flat,tax,2,Normal,80.91492574880444
unsw,flat,tax,2,Reconnaissance,85.64179104477611
unsw,flat,tax,2,Shellcode,45.84920030464585
unsw,flat,tax,2,Worms,55.769230769230774
unsw,flat,tax,3,Analysis,2.082390221819828
unsw,flat,tax,3,Backdoor,6.548175865294668
unsw,flat,tax,3,DoS,38.95193283513239
unsw,flat,tax,3,Exploits,68.77412419993159
unsw,flat,tax,3,Fuzzers,38.7662406253301
unsw,flat,tax,3,Generic,98.31454643048846
unsw,flat,tax,3,Normal,81.16096308588247
unsw,flat,tax,3,Reconnaissance,85.3425067304816
unsw,flat,tax,3,Shellcode,52.68915223336372
unsw,flat,tax,3,Worms,55.172413793103445
unsw,flat,tax,4,Analysis,1.071602532878714
unsw,flat,tax,4,Backdoor,7.370703004026015
unsw,flat,tax,4,DoS,39.04187099207846
unsw,flat,tax,4,Exploits,68.89924566376784
unsw,flat,tax,4,Fuzzers,38.43076123668485
unsw,flat,tax,4,Generic,98.28890200075095
unsw,flat,tax,4,Normal,80.94108032500904
unsw,flat,tax,4,Reconnaissance,85.60501759216767
unsw,flat,tax,4,Shellcode,50.99394987035436
unsw,flat,tax,4,Worms,54.054054054054056
unsw,concat,tax,0,Analysis,0.0
unsw,concat,tax,0,Backdoor,9.216867469879517
unsw,concat,tax,0,DoS,30.313588850174217
unsw,concat,tax,0,Exploits,70.00914753669905
unsw,concat,tax,0,Fuzzers,38.876844164771825
unsw,concat,tax,0,Generic,98.26505635204562
unsw,concat,tax,0,Normal,81.19529411764705
unsw,concat,tax,0,Reconnaissance,85.28715216104203
unsw,concat,tax,0,Shellcode,44.01544401544402
unsw,concat,tax,0,Worms,52.94117647058824
unsw,concat,tax,1,Analysis,1.1653966831017482
unsw,concat,tax,1,Backdoor,10.917361637604246
unsw,concat,tax,1,DoS,39.1631315079059
unsw,concat,tax,1,Exploits,69.30006262344044
unsw,concat,tax,1,Fuzzers,37.1186359499976
unsw,concat,tax,1,Generic,98.24759447400957
unsw,concat,tax,1,Normal,79.35609693714432
unsw,concat,tax,1,Reconnaissance,85.03492346559666
unsw,concat,tax,1,Shellcode,48.98989898989899
unsw,concat,tax,1,Worms,56.60377358490566
unsw,concat,tax,2,Analysis,1.2195121951219512
unsw,concat,tax,2,Backdoor,8.797830671889123
unsw,concat,tax,2,DoS,40.52128258016126
unsw,concat,tax,2,Exploits,69.61086495858217
unsw,concat,tax,2,Fuzzers,36.77584204413473
unsw,concat,tax,2,Generic,98.23428079242032
unsw,concat,tax,2,Normal,78.39860071907492
unsw,concat,tax,2,Reconnaissance,84.69794541551671
unsw,concat,tax,2,Shellcode,44.47612259444049
unsw,concat,tax,2,Worms,65.93406593406593
unsw,concat,tax,3,Analysis,0.0
unsw,concat,tax,3,Backdoor,9.285714285714286
unsw,concat,tax,3,DoS,41.46707909854176
unsw,concat,tax,3,Exploits,69.02806469491611
unsw,concat,tax,3,Fuzzers,37.174211248285324
unsw,concat,tax,3,Generic,98.13497197067701
unsw,concat,tax,3,Normal,81.15652729909705
unsw,concat,tax,3,Reconnaissance,85.3138686131387
unsw,concat,tax,3,Shellcode,44.297956493078445
unsw,concat,tax,3,Worms,60.60606060606061
unsw,concat,tax,4,Analysis,1.5756302521008403
unsw,concat,tax,4,Backdoor,9.198998748435544
unsw,concat,tax,4,DoS,39.54659949622166
unsw,concat,tax,4,Exploits,67.6107766702852
unsw,concat,tax,4,Fuzzers,37.42560699425923
unsw,concat,tax,4,Generic,98.23056300268097
unsw,concat,tax,4,Normal,81.1411402012488
unsw,concat,tax,4,Reconnaissance,85.51451588387293
unsw,concat,tax,4,Shellcode,48.13971146545178
unsw,concat,tax,4,Worms,61.224489795918366
unsw,attn,tax,0,Analysis,0.0
unsw,attn,tax,0,Backdoor,6.732528357116721
unsw,attn,tax,0,DoS,40.7673860911271
unsw,attn,tax,0,Exploits,68.34703377240766
unsw,attn,tax,0,Fuzzers,36.99339987999782
unsw,attn,tax,0,Generic,98.25146607844192
unsw,attn,tax,0,Normal,81.71189264085439
unsw,attn,tax,0,Reconnaissance,85.09868916679223
unsw,attn,tax,0,Shellcode,39.762611275964396
unsw,attn,tax,0,Worms,55.670103092783506
unsw,attn,tax,1,Analysis,1.6413623307345095
unsw,attn,tax,1,Backdoor,8.281733746130032
unsw,attn,tax,1,DoS,41.54175588865097
unsw,attn,tax,1,Exploits,68.23636180296461
unsw,attn,tax,1,Fuzzers,38.655897276586934
unsw,attn,tax,1,Generic,98.23947453429525
unsw,attn,tax,1,Normal,80.79700412406972
unsw,attn,tax,1,Reconnaissance,85.54307116104869
unsw,attn,tax,1,Shellcode,42.635177128651335
unsw,attn,tax,1,Worms,57.42574257425742
unsw,attn,tax,2,Analysis,2.0022246941045605
unsw,attn,tax,2,Backdoor,5.343511450381679
unsw,attn,tax,2,DoS,39.296678760814956
unsw,attn,tax,2,Exploits,69.32518267348011
unsw,attn,tax,2,Fuzzers,37.82063833953397
unsw,attn,tax,2,Generic,98.30726721570942
unsw,attn,tax,2,Normal,79.91150301621914
unsw,attn,tax,2,Reconnaissance,85.35965305817257
unsw,attn,tax,2,Shellcode,48.45528455284553
unsw,attn,tax,2,Worms,55.04587155963303
unsw,attn,tax,3,Analysis,3.553660270078181
unsw,attn,tax,3,Backdoor,8.211382113821138
unsw,attn,tax,3,DoS,40.5972405972406
unsw,attn,tax,3,Exploits,70.44755722582849
unsw,attn,tax,3,Fuzzers,37.12361331220285
unsw,attn,tax,3,Generic,98.25645434274509
unsw,attn,tax,3,Normal,79.07934430416115
unsw,attn,tax,3,Reconnaissance,84.84848484848484
unsw,attn,tax,3,Shellcode,46.561604584527224
unsw,attn,tax,3,Worms,49.6
unsw,attn,tax,4,Analysis,0.5291005291005291
unsw,attn,tax,4,Backdoor,9.102402022756005
unsw,attn,tax,4,DoS,45.689454489019944
unsw,attn,tax,4,Exploits,69.69076094725307
unsw,attn,tax,4,Fuzzers,37.553832902670116
unsw,attn,tax,4,Generic,98.29718875502009
unsw,attn,tax,4,Normal,80.92105263157895
unsw,attn,tax,4,Reconnaissance,85.76698432216415
unsw,attn,tax,4,Shellcode,46.89349112426036
unsw,attn,tax,4,Worms,57.943925233644855
unsw,sfg,tax,0,Analysis,0.0
unsw,sfg,tax,0,Backdoor,8.932833276508696
unsw,sfg,tax,0,DoS,40.52287581699346
unsw,sfg,tax,0,Exploits,70.5488750969744
unsw,sfg,tax,0,Fuzzers,41.292802589651515
unsw,sfg,tax,0,Generic,98.2308748687293
unsw,sfg,tax,0,Normal,80.84714548802947
unsw,sfg,tax,0,Reconnaissance,85.33333333333334
unsw,sfg,tax,0,Shellcode,48.239700374531836
unsw,sfg,tax,0,Worms,66.0377358490566
unsw,sfg,tax,1,Analysis,2.2760431864604613
unsw,sfg,tax,1,Backdoor,7.968574635241302
unsw,sfg,tax,1,DoS,36.09126984126984
unsw,sfg,tax,1,Exploits,70.73340446258756
unsw,sfg,tax,1,Fuzzers,39.09919028340081
unsw,sfg,tax,1,Generic,98.03148543191207
unsw,sfg,tax,1,Normal,79.65946510320457
unsw,sfg,tax,1,Reconnaissance,85.60049019607843
unsw,sfg,tax,1,Shellcode,33.07839388145315
unsw,sfg,tax,1,Worms,46.666666666666664
unsw,sfg,tax,2,Analysis,0.0
unsw,sfg,tax,2,Backdoor,7.7376565954310985
unsw,sfg,tax,2,DoS,41.48660328435609
unsw,sfg,tax,2,Exploits,69.62229951501494
unsw,sfg,tax,2,Fuzzers,38.924883579672
unsw,sfg,tax,2,Generic,98.07245829058905
unsw,sfg,tax,2,Normal,78.91420261754726
unsw,sfg,tax,2,Reconnaissance,85.63594821020564
unsw,sfg,tax,2,Shellcode,37.12765957446808
unsw,sfg,tax,2,Worms,65.38461538461539
unsw,sfg,tax,3,Analysis,0.0
unsw,sfg,tax,3,Backdoor,8.486842105263158
unsw,sfg,tax,3,DoS,40.252935862691956
unsw,sfg,tax,3,Exploits,69.5126116016978
unsw,sfg,tax,3,Fuzzers,40.26258205689278
unsw,sfg,tax,3,Generic,98.07775377969763
unsw,sfg,tax,3,Normal,81.17825633241628
unsw,sfg,tax,3,Reconnaissance,85.64246636108236
unsw,sfg,tax,3,Shellcode,44.33566433566434
unsw,sfg,tax,3,Worms,57.42574257425742
unsw,sfg,tax,4,Analysis,0.07044734061289186
unsw,sfg,tax,4,Backdoor,8.929477422628107
unsw,sfg,tax,4,DoS,41.44018177051472
unsw,sfg,tax,4,Exploits,70.52916564115186
unsw,sfg,tax,4,Fuzzers,39.27674535409342
unsw,sfg,tax,4,Generic,98.11891074946698
unsw,sfg,tax,4,Normal,77.79289989341642
unsw,sfg,tax,4,Reconnaissance,86.04439039221647
unsw,sfg,tax,4,Shellcode,46.87285223367697
unsw,sfg,tax,4,Worms,61.29032258064516
unsw,sfg_main,tax,0,Analysis,0.0
unsw,sfg_main,tax,0,Backdoor,8.067664281067014
unsw,sfg_main,tax,0,DoS,40.80411407199626
unsw,sfg_main,tax,0,Exploits,70.21856569361154
unsw,sfg_main,tax,0,Fuzzers,39.04561274958784
unsw,sfg_main,tax,0,Generic,98.06082212499325
unsw,sfg_main,tax,0,Normal,76.83951595595397
unsw,sfg_main,tax,0,Reconnaissance,84.44958773325618
unsw,sfg_main,tax,0,Shellcode,41.49068322981366
unsw,sfg_main,tax,0,Worms,56.52173913043478
unsw,sfg_main,tax,1,Analysis,2.4685262898049865
unsw,sfg_main,tax,1,Backdoor,6.614447345517842
unsw,sfg_main,tax,1,DoS,40.41070773744041
unsw,sfg_main,tax,1,Exploits,70.91824502517382
unsw,sfg_main,tax,1,Fuzzers,37.90084936730803
unsw,sfg_main,tax,1,Generic,98.04472291239063
unsw,sfg_main,tax,1,Normal,74.24119241192412
unsw,sfg_main,tax,1,Reconnaissance,85.81398877256865
unsw,sfg_main,tax,1,Shellcode,38.0065717415115
unsw,sfg_main,tax,1,Worms,55.714285714285715
unsw,sfg_main,tax,2,Analysis,2.1955403087478556
unsw,sfg_main,tax,2,Backdoor,7.388987566607461
unsw,sfg_main,tax,2,DoS,39.08353221957041
unsw,sfg_main,tax,2,Exploits,70.16766236269031
unsw,sfg_main,tax,2,Fuzzers,37.689510225286924
unsw,sfg_main,tax,2,Generic,98.0369920345619
unsw,sfg_main,tax,2,Normal,76.72315825880726
unsw,sfg_main,tax,2,Reconnaissance,85.60229157244082
unsw,sfg_main,tax,2,Shellcode,34.88142292490119
unsw,sfg_main,tax,2,Worms,64.46280991735537
unsw,sfg_main,tax,3,Analysis,0.0
unsw,sfg_main,tax,3,Backdoor,8.1799591002045
unsw,sfg_main,tax,3,DoS,39.03858792601634
unsw,sfg_main,tax,3,Exploits,69.59115805946792
unsw,sfg_main,tax,3,Fuzzers,38.43827819281395
unsw,sfg_main,tax,3,Generic,98.05287747441194
unsw,sfg_main,tax,3,Normal,75.55110554860242
unsw,sfg_main,tax,3,Reconnaissance,85.52651232262882
unsw,sfg_main,tax,3,Shellcode,40.92801903628792
unsw,sfg_main,tax,3,Worms,64.40677966101694
unsw,sfg_main,tax,4,Analysis,0.5124450951683748
unsw,sfg_main,tax,4,Backdoor,6.3258550937844795
unsw,sfg_main,tax,4,DoS,40.60700246823293
unsw,sfg_main,tax,4,Exploits,70.2648775377862
unsw,sfg_main,tax,4,Fuzzers,38.2591840502123
unsw,sfg_main,tax,4,Generic,98.06632818407691
unsw,sfg_main,tax,4,Normal,76.82936867231871
unsw,sfg_main,tax,4,Reconnaissance,85.08076358296623
unsw,sfg_main,tax,4,Shellcode,36.99296917252569
unsw,sfg_main,tax,4,Worms,58.26771653543307
unsw,sfg_p0,tax,0,Analysis,0.9350163627863487
unsw,sfg_p0,tax,0,Backdoor,8.18070818070818
unsw,sfg_p0,tax,0,DoS,41.62427644272935
unsw,sfg_p0,tax,0,Exploits,69.14827799546298
unsw,sfg_p0,tax,0,Fuzzers,39.134400973038716
unsw,sfg_p0,tax,0,Generic,98.21740650122335
unsw,sfg_p0,tax,0,Normal,80.47003674141644
unsw,sfg_p0,tax,0,Reconnaissance,85.33737680060652
unsw,sfg_p0,tax,0,Shellcode,40.83582089552239
unsw,sfg_p0,tax,0,Worms,57.14285714285714
unsw,sfg_p0,tax,1,Analysis,1.5043877977434184
unsw,sfg_p0,tax,1,Backdoor,11.812080536912752
unsw,sfg_p0,tax,1,DoS,30.752506341345576
unsw,sfg_p0,tax,1,Exploits,69.0755873340143
unsw,sfg_p0,tax,1,Fuzzers,38.171218165081314
unsw,sfg_p0,tax,1,Generic,98.14132393684267
unsw,sfg_p0,tax,1,Normal,81.00631704973298
unsw,sfg_p0,tax,1,Reconnaissance,85.05434782608695
unsw,sfg_p0,tax,1,Shellcode,45.662100456621005
unsw,sfg_p0,tax,1,Worms,54.86725663716814
unsw,sfg_p0,tax,2,Analysis,5.31459987782529
unsw,sfg_p0,tax,2,Backdoor,8.47457627118644
unsw,sfg_p0,tax,2,DoS,37.460740458741796
unsw,sfg_p0,tax,2,Exploits,68.13999810300673
unsw,sfg_p0,tax,2,Fuzzers,37.93121176289137
unsw,sfg_p0,tax,2,Generic,98.24250717754703
unsw,sfg_p0,tax,2,Normal,80.8909878000787
unsw,sfg_p0,tax,2,Reconnaissance,84.75757575757575
unsw,sfg_p0,tax,2,Shellcode,50.33557046979866
unsw,sfg_p0,tax,2,Worms,59.25925925925925
unsw,sfg_p0,tax,3,Analysis,2.320335159523042
unsw,sfg_p0,tax,3,Backdoor,10.21377672209026
unsw,sfg_p0,tax,3,DoS,37.60683760683761
unsw,sfg_p0,tax,3,Exploits,70.74064147234878
unsw,sfg_p0,tax,3,Fuzzers,38.7451781257091
unsw,sfg_p0,tax,3,Generic,98.15329037823848
unsw,sfg_p0,tax,3,Normal,82.28010710250577
unsw,sfg_p0,tax,3,Reconnaissance,85.42238487343703
unsw,sfg_p0,tax,3,Shellcode,38.626126126126124
unsw,sfg_p0,tax,3,Worms,59.64912280701754
unsw,sfg_p0,tax,4,Analysis,0.0
unsw,sfg_p0,tax,4,Backdoor,7.6830732292917165
unsw,sfg_p0,tax,4,DoS,43.145877378435515
unsw,sfg_p0,tax,4,Exploits,69.55819237566271
unsw,sfg_p0,tax,4,Fuzzers,39.804060195939805
unsw,sfg_p0,tax,4,Generic,98.10791114470027
unsw,sfg_p0,tax,4,Normal,80.27650797190321
unsw,sfg_p0,tax,4,Reconnaissance,85.84948862769043
unsw,sfg_p0,tax,4,Shellcode,38.31417624521073
unsw,sfg_p0,tax,4,Worms,67.2566371681416
unsw,sfg_lr,tax,0,Analysis,0.14306151645207438
unsw,sfg_lr,tax,0,Backdoor,11.899876897825195
unsw,sfg_lr,tax,0,DoS,40.32513459305394
unsw,sfg_lr,tax,0,Exploits,67.81468926553671
unsw,sfg_lr,tax,0,Fuzzers,33.596014492753625
unsw,sfg_lr,tax,0,Generic,98.05065068308224
unsw,sfg_lr,tax,0,Normal,74.12206161974794
unsw,sfg_lr,tax,0,Reconnaissance,84.5771144278607
unsw,sfg_lr,tax,0,Shellcode,28.889879625501557
unsw,sfg_lr,tax,0,Worms,26.794258373205743
unsw,sfg_lr,tax,1,Analysis,0.0
unsw,sfg_lr,tax,1,Backdoor,14.71004243281471
unsw,sfg_lr,tax,1,DoS,38.186218316138074
unsw,sfg_lr,tax,1,Exploits,67.70748527369379
unsw,sfg_lr,tax,1,Fuzzers,37.661629923210306
unsw,sfg_lr,tax,1,Generic,98.03773381197874
unsw,sfg_lr,tax,1,Normal,79.59983299611395
unsw,sfg_lr,tax,1,Reconnaissance,83.64824548941611
unsw,sfg_lr,tax,1,Shellcode,34.157303370786515
unsw,sfg_lr,tax,1,Worms,39.39393939393939
unsw,sfg_lr,tax,2,Analysis,0.0
unsw,sfg_lr,tax,2,Backdoor,10.136674259681094
unsw,sfg_lr,tax,2,DoS,35.811901431184765
unsw,sfg_lr,tax,2,Exploits,68.37728676645284
unsw,sfg_lr,tax,2,Fuzzers,36.16094576376646
unsw,sfg_lr,tax,2,Generic,98.05741420246062
unsw,sfg_lr,tax,2,Normal,79.24103191335276
unsw,sfg_lr,tax,2,Reconnaissance,83.37692531240918
unsw,sfg_lr,tax,2,Shellcode,25.27075812274368
unsw,sfg_lr,tax,2,Worms,24.778761061946902
unsw,sfg_lr,tax,3,Analysis,5.126744517231558
unsw,sfg_lr,tax,3,Backdoor,3.318777292576419
unsw,sfg_lr,tax,3,DoS,38.851617995264405
unsw,sfg_lr,tax,3,Exploits,68.83680555555556
unsw,sfg_lr,tax,3,Fuzzers,36.35295844956688
unsw,sfg_lr,tax,3,Generic,98.0897906324196
unsw,sfg_lr,tax,3,Normal,77.91876094893499
unsw,sfg_lr,tax,3,Reconnaissance,84.2644047967242
unsw,sfg_lr,tax,3,Shellcode,27.02040816326531
unsw,sfg_lr,tax,3,Worms,37.79527559055118
unsw,sfg_lr,tax,4,Analysis,0.0
unsw,sfg_lr,tax,4,Backdoor,4.291044776119403
unsw,sfg_lr,tax,4,DoS,37.155062925759154
unsw,sfg_lr,tax,4,Exploits,68.1879663161569
unsw,sfg_lr,tax,4,Fuzzers,38.97333665586843
unsw,sfg_lr,tax,4,Generic,98.07235421166307
unsw,sfg_lr,tax,4,Normal,79.6600859478497
unsw,sfg_lr,tax,4,Reconnaissance,84.88442822384428
unsw,sfg_lr,tax,4,Shellcode,26.377036462373933
unsw,sfg_lr,tax,4,Worms,28.57142857142857
nsl,xgb,tax,0,DoS,89.58675326529155
nsl,xgb,tax,0,Normal,81.13175094599244
nsl,xgb,tax,0,Probe,74.5418414661073
nsl,xgb,tax,0,R2L,19.813084112149532
nsl,xgb,tax,0,U2R,26.82926829268293
nsl,xgb,tax,1,DoS,89.62614155251141
nsl,xgb,tax,1,Normal,81.37990513152221
nsl,xgb,tax,1,Probe,76.2882096069869
nsl,xgb,tax,1,R2L,20.372670807453417
nsl,xgb,tax,1,U2R,24.390243902439025
nsl,xgb,tax,2,DoS,89.75254938315625
nsl,xgb,tax,2,Normal,81.32057581242996
nsl,xgb,tax,2,Probe,74.30449069003285
nsl,xgb,tax,2,R2L,20.192606399502953
nsl,xgb,tax,2,U2R,17.72151898734177
nsl,xgb,tax,3,DoS,89.61530226250804
nsl,xgb,tax,3,Normal,81.47668393782384
nsl,xgb,tax,3,Probe,74.02457426169433
nsl,xgb,tax,3,R2L,19.011882426516575
nsl,xgb,tax,3,U2R,20.0
nsl,xgb,tax,4,DoS,89.6674753817611
nsl,xgb,tax,4,Normal,81.53972437032877
nsl,xgb,tax,4,Probe,76.11810681719497
nsl,xgb,tax,4,R2L,21.419753086419753
nsl,xgb,tax,4,U2R,24.691358024691358
nsl,rf,tax,0,DoS,85.599523951205
nsl,rf,tax,0,Normal,77.26381170317097
nsl,rf,tax,0,Probe,73.10804378867206
nsl,rf,tax,0,R2L,0.758882373232149
nsl,rf,tax,0,U2R,5.633802816901409
nsl,rf,tax,1,DoS,85.3458556946929
nsl,rf,tax,1,Normal,76.91869455522097
nsl,rf,tax,1,Probe,70.72224915172079
nsl,rf,tax,1,R2L,0.8959338387319091
nsl,rf,tax,1,U2R,2.857142857142857
nsl,rf,tax,2,DoS,85.43790460599747
nsl,rf,tax,2,Normal,76.9781830022794
nsl,rf,tax,2,Probe,70.7370469472148
nsl,rf,tax,2,R2L,0.758882373232149
nsl,rf,tax,2,U2R,5.633802816901409
nsl,rf,tax,3,DoS,86.56342182890856
nsl,rf,tax,3,Normal,77.46773202212661
nsl,rf,tax,3,Probe,71.87875872023093
nsl,rf,tax,3,R2L,0.5524861878453038
nsl,rf,tax,3,U2R,2.857142857142857
nsl,rf,tax,4,DoS,85.65908753157973
nsl,rf,tax,4,Normal,77.06549221107576
nsl,rf,tax,4,Probe,72.01934703748488
nsl,rf,tax,4,R2L,1.0334137099552188
nsl,rf,tax,4,U2R,2.857142857142857
nsl,lgbm,tax,0,DoS,85.74613555291319
nsl,lgbm,tax,0,Normal,78.08853951179148
nsl,lgbm,tax,0,Probe,72.23382045929019
nsl,lgbm,tax,0,R2L,11.726384364820847
nsl,lgbm,tax,0,U2R,19.753086419753085
nsl,lgbm,tax,1,DoS,87.06763604318132
nsl,lgbm,tax,1,Normal,78.55120732722732
nsl,lgbm,tax,1,Probe,70.98565478944933
nsl,lgbm,tax,1,R2L,10.17394158188382
nsl,lgbm,tax,1,U2R,24.390243902439025
nsl,lgbm,tax,2,DoS,86.36027781882666
nsl,lgbm,tax,2,Normal,78.24861099593664
nsl,lgbm,tax,2,Probe,73.38129496402878
nsl,lgbm,tax,2,R2L,10.236220472440944
nsl,lgbm,tax,2,U2R,20.253164556962027
nsl,lgbm,tax,3,DoS,86.79523038421905
nsl,lgbm,tax,3,Normal,78.32800630941016
nsl,lgbm,tax,3,Probe,71.71929824561404
nsl,lgbm,tax,3,R2L,10.54354944335298
nsl,lgbm,tax,3,U2R,24.390243902439025
nsl,lgbm,tax,4,DoS,86.80356222860087
nsl,lgbm,tax,4,Normal,78.32005312084993
nsl,lgbm,tax,4,Probe,72.9312762973352
nsl,lgbm,tax,4,R2L,10.05586592178771
nsl,lgbm,tax,4,U2R,28.57142857142857
nsl,flat,tax,0,DoS,89.34609020933746
nsl,flat,tax,0,Normal,79.30178759200841
nsl,flat,tax,0,Probe,68.57675285348242
nsl,flat,tax,0,R2L,8.457218368021142
nsl,flat,tax,0,U2R,43.47826086956522
nsl,flat,tax,1,DoS,87.18965770530338
nsl,flat,tax,1,Normal,79.44015850933772
nsl,flat,tax,1,Probe,78.56065503124327
nsl,flat,tax,1,R2L,7.18801996672213
nsl,flat,tax,1,U2R,31.775700934579437
nsl,flat,tax,2,DoS,86.04973382921315
nsl,flat,tax,2,Normal,79.9847081811231
nsl,flat,tax,2,Probe,72.31985940246047
nsl,flat,tax,2,R2L,17.24354940213971
nsl,flat,tax,2,U2R,52.42718446601942
nsl,flat,tax,3,DoS,86.05169340463458
nsl,flat,tax,3,Normal,79.35532738596196
nsl,flat,tax,3,Probe,75.7152361942781
nsl,flat,tax,3,R2L,13.936203158872715
nsl,flat,tax,3,U2R,29.508196721311474
nsl,flat,tax,4,DoS,87.76470588235294
nsl,flat,tax,4,Normal,78.65833333333333
nsl,flat,tax,4,Probe,72.15403128760529
nsl,flat,tax,4,R2L,9.9906919019547
nsl,flat,tax,4,U2R,54.54545454545454
nsl,concat,tax,0,DoS,87.90375501275976
nsl,concat,tax,0,Normal,77.61057151194296
nsl,concat,tax,0,Probe,68.95447266071837
nsl,concat,tax,0,R2L,2.460697197539303
nsl,concat,tax,0,U2R,32.18390804597701
nsl,concat,tax,1,DoS,89.8839375268663
nsl,concat,tax,1,Normal,79.75351369602836
nsl,concat,tax,1,Probe,71.43505903723887
nsl,concat,tax,1,R2L,2.7967257844474758
nsl,concat,tax,1,U2R,37.62376237623762
nsl,concat,tax,2,DoS,88.872684847601
nsl,concat,tax,2,Normal,77.43541326924728
nsl,concat,tax,2,Probe,61.267463049200245
nsl,concat,tax,2,R2L,9.73044049967127
nsl,concat,tax,2,U2R,32.967032967032964
nsl,concat,tax,3,DoS,88.3373249147253
nsl,concat,tax,3,Normal,79.79994913961177
nsl,concat,tax,3,Probe,77.61862130707252
nsl,concat,tax,3,R2L,15.45310015898251
nsl,concat,tax,3,U2R,41.17647058823529
nsl,concat,tax,4,DoS,89.80204387908239
nsl,concat,tax,4,Normal,80.21435862538279
nsl,concat,tax,4,Probe,72.28546409807356
nsl,concat,tax,4,R2L,1.443298969072165
nsl,concat,tax,4,U2R,32.38095238095238
nsl,attn,tax,0,DoS,87.88781515657924
nsl,attn,tax,0,Normal,79.14582370002942
nsl,attn,tax,0,Probe,72.72727272727273
nsl,attn,tax,0,R2L,12.977834885962094
nsl,attn,tax,0,U2R,48.64864864864865
nsl,attn,tax,1,DoS,85.28161133905259
nsl,attn,tax,1,Normal,77.75260534662438
nsl,attn,tax,1,Probe,68.25174825174825
nsl,attn,tax,1,R2L,9.03098220171391
nsl,attn,tax,1,U2R,26.82926829268293
nsl,attn,tax,2,DoS,89.86481653672843
nsl,attn,tax,2,Normal,78.32066901557924
nsl,attn,tax,2,Probe,66.77374942634235
nsl,attn,tax,2,R2L,12.062256809338521
nsl,attn,tax,2,U2R,53.70370370370371
nsl,attn,tax,3,DoS,89.85590364900709
nsl,attn,tax,3,Normal,79.63823852590652
nsl,attn,tax,3,Probe,74.23212192262602
nsl,attn,tax,3,R2L,13.05753070458953
nsl,attn,tax,3,U2R,57.6271186440678
nsl,attn,tax,4,DoS,89.81196825623795
nsl,attn,tax,4,Normal,79.67548381644554
nsl,attn,tax,4,Probe,74.35049598488426
nsl,attn,tax,4,R2L,13.174039392960928
nsl,attn,tax,4,U2R,50.0
nsl,sfg,tax,0,DoS,86.54601571268238
nsl,sfg,tax,0,Normal,80.51380402301413
nsl,sfg,tax,0,Probe,74.47839831401475
nsl,sfg,tax,0,R2L,36.38928067700987
nsl,sfg,tax,0,U2R,49.586776859504134
nsl,sfg,tax,1,DoS,87.72683197118715
nsl,sfg,tax,1,Normal,81.91898619597194
nsl,sfg,tax,1,Probe,65.6977901652399
nsl,sfg,tax,1,R2L,30.998248686514884
nsl,sfg,tax,1,U2R,41.509433962264154
nsl,sfg,tax,2,DoS,85.89079031456366
nsl,sfg,tax,2,Normal,78.80427779925267
nsl,sfg,tax,2,Probe,74.9836137207778
nsl,sfg,tax,2,R2L,9.234828496042216
nsl,sfg,tax,2,U2R,56.63716814159292
nsl,sfg,tax,3,DoS,88.87449625791595
nsl,sfg,tax,3,Normal,81.64184274333218
nsl,sfg,tax,3,Probe,75.21929824561403
nsl,sfg,tax,3,R2L,26.821480406386065
nsl,sfg,tax,3,U2R,37.362637362637365
nsl,sfg,tax,4,DoS,85.68325005431241
nsl,sfg,tax,4,Normal,79.42385087905105
nsl,sfg,tax,4,Probe,71.67522165188987
nsl,sfg,tax,4,R2L,19.834710743801654
nsl,sfg,tax,4,U2R,64.46280991735537
nsl,sfg_main,tax,0,DoS,84.46771378708551
nsl,sfg_main,tax,0,Normal,79.17515054369017
nsl,sfg_main,tax,0,Probe,68.50507982583454
nsl,sfg_main,tax,0,R2L,25.211097708082026
nsl,sfg_main,tax,0,U2R,56.14035087719298
nsl,sfg_main,tax,1,DoS,87.16707021791767
nsl,sfg_main,tax,1,Normal,80.7341084235378
nsl,sfg_main,tax,1,Probe,66.43864899529713
nsl,sfg_main,tax,1,R2L,26.007649308620184
nsl,sfg_main,tax,1,U2R,48.598130841121495
nsl,sfg_main,tax,2,DoS,85.2187679907887
nsl,sfg_main,tax,2,Normal,79.25426074919976
nsl,sfg_main,tax,2,Probe,73.71037911746427
nsl,sfg_main,tax,2,R2L,15.791149315504615
nsl,sfg_main,tax,2,U2R,50.943396226415096
nsl,sfg_main,tax,3,DoS,87.7366016389876
nsl,sfg_main,tax,3,Normal,81.32608132608132
nsl,sfg_main,tax,3,Probe,69.96944565691837
nsl,sfg_main,tax,3,R2L,30.471234460826828
nsl,sfg_main,tax,3,U2R,39.130434782608695
nsl,sfg_main,tax,4,DoS,86.166783461808
nsl,sfg_main,tax,4,Normal,81.10578430933285
nsl,sfg_main,tax,4,Probe,71.71650055370986
nsl,sfg_main,tax,4,R2L,49.84472049689441
nsl,sfg_main,tax,4,U2R,66.66666666666666
nsl,sfg_p0,tax,0,DoS,90.3809184763261
nsl,sfg_p0,tax,0,Normal,79.16648727773712
nsl,sfg_p0,tax,0,Probe,64.70588235294117
nsl,sfg_p0,tax,0,R2L,13.182552504038773
nsl,sfg_p0,tax,0,U2R,41.23711340206185
nsl,sfg_p0,tax,1,DoS,90.16323633782825
nsl,sfg_p0,tax,1,Normal,79.99322378451635
nsl,sfg_p0,tax,1,Probe,72.13339424394701
nsl,sfg_p0,tax,1,R2L,1.7808219178082192
nsl,sfg_p0,tax,1,U2R,27.27272727272727
nsl,sfg_p0,tax,2,DoS,90.14084507042254
nsl,sfg_p0,tax,2,Normal,79.77818227998137
nsl,sfg_p0,tax,2,Probe,72.27314390467461
nsl,sfg_p0,tax,2,R2L,8.520475561426684
nsl,sfg_p0,tax,2,U2R,25.581395348837212
nsl,sfg_p0,tax,3,DoS,90.04046283807766
nsl,sfg_p0,tax,3,Normal,80.58186161590308
nsl,sfg_p0,tax,3,Probe,77.58425695543994
nsl,sfg_p0,tax,3,R2L,9.520682862770848
nsl,sfg_p0,tax,3,U2R,30.434782608695656
nsl,sfg_p0,tax,4,DoS,89.10453085979307
nsl,sfg_p0,tax,4,Normal,81.79490517727727
nsl,sfg_p0,tax,4,Probe,69.56722980791483
nsl,sfg_p0,tax,4,R2L,39.70141000829417
nsl,sfg_p0,tax,4,U2R,34.78260869565217
nsl,sfg_lr,tax,0,DoS,85.6294364768941
nsl,sfg_lr,tax,0,Normal,82.08403945595968
nsl,sfg_lr,tax,0,Probe,70.45454545454545
nsl,sfg_lr,tax,0,R2L,40.87671232876712
nsl,sfg_lr,tax,0,U2R,32.06106870229007
nsl,sfg_lr,tax,1,DoS,83.14414221460699
nsl,sfg_lr,tax,1,Normal,79.64601769911505
nsl,sfg_lr,tax,1,Probe,73.91208305721229
nsl,sfg_lr,tax,1,R2L,49.57176226317156
nsl,sfg_lr,tax,1,U2R,35.64356435643564
nsl,sfg_lr,tax,2,DoS,82.33328692746763
nsl,sfg_lr,tax,2,Normal,81.63173518035441
nsl,sfg_lr,tax,2,Probe,73.11731843575419
nsl,sfg_lr,tax,2,R2L,43.26259268729225
nsl,sfg_lr,tax,2,U2R,43.13725490196079
nsl,sfg_lr,tax,3,DoS,85.52164655784244
nsl,sfg_lr,tax,3,Normal,84.43767908309455
nsl,sfg_lr,tax,3,Probe,65.05145797598628
nsl,sfg_lr,tax,3,R2L,50.617283950617285
nsl,sfg_lr,tax,3,U2R,49.09090909090909
nsl,sfg_lr,tax,4,DoS,81.86947133802326
nsl,sfg_lr,tax,4,Normal,80.42403456416196
nsl,sfg_lr,tax,4,Probe,70.53161233865674
nsl,sfg_lr,tax,4,R2L,38.24590618928671
nsl,sfg_lr,tax,4,U2R,50.943396226415096
unsw,sfg,rand100,0,Analysis,4.25531914893617
unsw,sfg,rand100,0,Backdoor,7.2256305385139745
unsw,sfg,rand100,0,DoS,39.08914728682171
unsw,sfg,rand100,0,Exploits,69.68584640320351
unsw,sfg,rand100,0,Fuzzers,39.30652823350801
unsw,sfg,rand100,0,Generic,98.03392027654748
unsw,sfg,rand100,0,Normal,78.6615078272976
unsw,sfg,rand100,0,Reconnaissance,85.01905599530929
unsw,sfg,rand100,0,Shellcode,38.58447488584475
unsw,sfg,rand100,0,Worms,60.17699115044248
unsw,sfg,rand100,1,Analysis,0.7238508867173362
unsw,sfg,rand100,1,Backdoor,6.867671691792294
unsw,sfg,rand100,1,DoS,39.912877756602235
unsw,sfg,rand100,1,Exploits,68.83385951065509
unsw,sfg,rand100,1,Fuzzers,39.077612082519416
unsw,sfg,rand100,1,Generic,98.04503969325484
unsw,sfg,rand100,1,Normal,78.17308475128226
unsw,sfg,rand100,1,Reconnaissance,84.8879248011569
unsw,sfg,rand100,1,Shellcode,38.133181559476384
unsw,sfg,rand100,1,Worms,60.71428571428571
unsw,sfg,rand100,2,Analysis,0.0
unsw,sfg,rand100,2,Backdoor,6.320081549439347
unsw,sfg,rand100,2,DoS,39.88934499375335
unsw,sfg,rand100,2,Exploits,69.56521739130434
unsw,sfg,rand100,2,Fuzzers,41.08895220006331
unsw,sfg,rand100,2,Generic,98.04196937370028
unsw,sfg,rand100,2,Normal,84.27568254736968
unsw,sfg,rand100,2,Reconnaissance,83.78762067007382
unsw,sfg,rand100,2,Shellcode,31.83897529734675
unsw,sfg,rand100,2,Worms,63.716814159292035
unsw,sfg,rand100,3,Analysis,2.549246813441483
unsw,sfg,rand100,3,Backdoor,8.751458576429405
unsw,sfg,rand100,3,DoS,42.02540277896173
unsw,sfg,rand100,3,Exploits,68.76690373635181
unsw,sfg,rand100,3,Fuzzers,38.85812973027886
unsw,sfg,rand100,3,Generic,98.05361336824771
unsw,sfg,rand100,3,Normal,79.6901948259342
unsw,sfg,rand100,3,Reconnaissance,85.00073887985813
unsw,sfg,rand100,3,Shellcode,40.50955414012739
unsw,sfg,rand100,3,Worms,61.40350877192983
unsw,sfg,rand100,4,Analysis,0.24449877750611246
unsw,sfg,rand100,4,Backdoor,8.14867762687634
unsw,sfg,rand100,4,DoS,44.032557015069706
unsw,sfg,rand100,4,Exploits,68.9759491756164
unsw,sfg,rand100,4,Fuzzers,38.31967213114754
unsw,sfg,rand100,4,Generic,98.05552554823377
unsw,sfg,rand100,4,Normal,80.27538181530427
unsw,sfg,rand100,4,Reconnaissance,85.20244683949898
unsw,sfg,rand100,4,Shellcode,36.9296833064949
unsw,sfg,rand100,4,Worms,50.467289719626166
unsw,sfg,rand101,0,Analysis,0.9727626459143969
unsw,sfg,rand101,0,Backdoor,5.279366476022878
unsw,sfg,rand101,0,DoS,39.52005999250094
unsw,sfg,rand101,0,Exploits,69.97038682213585
unsw,sfg,rand101,0,Fuzzers,38.78494849695186
unsw,sfg,rand101,0,Generic,98.14110346688251
unsw,sfg,rand101,0,Normal,81.31511851175675
unsw,sfg,rand101,0,Reconnaissance,85.31426869228478
unsw,sfg,rand101,0,Shellcode,40.54897067997505
unsw,sfg,rand101,0,Worms,59.813084112149525
unsw,sfg,rand101,1,Analysis,1.9252984212552944
unsw,sfg,rand101,1,Backdoor,8.218095614381667
unsw,sfg,rand101,1,DoS,39.84920926811328
unsw,sfg,rand101,1,Exploits,69.28955282749101
unsw,sfg,rand101,1,Fuzzers,39.55113879511198
unsw,sfg,rand101,1,Generic,98.03741597602786
unsw,sfg,rand101,1,Normal,78.42722928383343
unsw,sfg,rand101,1,Reconnaissance,84.4825124910778
unsw,sfg,rand101,1,Shellcode,41.333333333333336
unsw,sfg,rand101,1,Worms,57.14285714285714
unsw,sfg,rand101,2,Analysis,7.770515613652869
unsw,sfg,rand101,2,Backdoor,3.8922155688622757
unsw,sfg,rand101,2,DoS,42.791056283731685
unsw,sfg,rand101,2,Exploits,69.6049370717722
unsw,sfg,rand101,2,Fuzzers,38.52015143528059
unsw,sfg,rand101,2,Generic,98.17593964704298
unsw,sfg,rand101,2,Normal,80.03185981680605
unsw,sfg,rand101,2,Reconnaissance,84.90566037735849
unsw,sfg,rand101,2,Shellcode,49.06542056074766
unsw,sfg,rand101,2,Worms,61.904761904761905
unsw,sfg,rand101,3,Analysis,3.9226080042406575
unsw,sfg,rand101,3,Backdoor,6.117353308364544
unsw,sfg,rand101,3,DoS,42.36588720770289
unsw,sfg,rand101,3,Exploits,69.8365231259968
unsw,sfg,rand101,3,Fuzzers,37.20087356535477
unsw,sfg,rand101,3,Generic,98.08693775127493
unsw,sfg,rand101,3,Normal,76.26240042397443
unsw,sfg,rand101,3,Reconnaissance,84.93993554058014
unsw,sfg,rand101,3,Shellcode,40.895698291101944
unsw,sfg,rand101,3,Worms,63.55140186915887
unsw,sfg,rand101,4,Analysis,3.911228301472204
unsw,sfg,rand101,4,Backdoor,10.8359133126935
unsw,sfg,rand101,4,DoS,41.81052993214807
unsw,sfg,rand101,4,Exploits,69.43860702491745
unsw,sfg,rand101,4,Fuzzers,38.148406606187486
unsw,sfg,rand101,4,Generic,98.0669546436285
unsw,sfg,rand101,4,Normal,76.79281717803562
unsw,sfg,rand101,4,Reconnaissance,85.3885388538854
unsw,sfg,rand101,4,Shellcode,36.644364384971695
unsw,sfg,rand101,4,Worms,68.57142857142857
unsw,sfg,rand102,0,Analysis,3.263777421080792
unsw,sfg,rand102,0,Backdoor,9.255079006772009
unsw,sfg,rand102,0,DoS,37.85757760194765
unsw,sfg,rand102,0,Exploits,69.92676588707772
unsw,sfg,rand102,0,Fuzzers,39.966239698143184
unsw,sfg,rand102,0,Generic,98.01485482781904
unsw,sfg,rand102,0,Normal,79.70020934209055
unsw,sfg,rand102,0,Reconnaissance,84.93797991730656
unsw,sfg,rand102,0,Shellcode,44.065484311050476
unsw,sfg,rand102,0,Worms,49.664429530201346
unsw,sfg,rand102,1,Analysis,0.5825242718446602
unsw,sfg,rand102,1,Backdoor,11.368209255533198
unsw,sfg,rand102,1,DoS,39.12402611076016
unsw,sfg,rand102,1,Exploits,70.26307026307026
unsw,sfg,rand102,1,Fuzzers,41.273978315262724
unsw,sfg,rand102,1,Generic,98.12653314284174
unsw,sfg,rand102,1,Normal,81.83744252106906
unsw,sfg,rand102,1,Reconnaissance,85.42728635682158
unsw,sfg,rand102,1,Shellcode,46.222887060583396
unsw,sfg,rand102,1,Worms,54.90196078431373
unsw,sfg,rand102,2,Analysis,0.18492834026814609
unsw,sfg,rand102,2,Backdoor,8.838299296953466
unsw,sfg,rand102,2,DoS,31.202701129351496
unsw,sfg,rand102,2,Exploits,70.08683324472798
unsw,sfg,rand102,2,Fuzzers,39.95433789954338
unsw,sfg,rand102,2,Generic,97.68916100018964
unsw,sfg,rand102,2,Normal,82.17379808066197
unsw,sfg,rand102,2,Reconnaissance,84.86509883133748
unsw,sfg,rand102,2,Shellcode,38.77430760164997
unsw,sfg,rand102,2,Worms,61.78861788617886
unsw,sfg,rand102,3,Analysis,1.7410228509249184
unsw,sfg,rand102,3,Backdoor,7.670454545454546
unsw,sfg,rand102,3,DoS,32.44616501330753
unsw,sfg,rand102,3,Exploits,70.37684052907413
unsw,sfg,rand102,3,Fuzzers,38.949350231896034
unsw,sfg,rand102,3,Generic,97.93137016305671
unsw,sfg,rand102,3,Normal,76.77476764880365
unsw,sfg,rand102,3,Reconnaissance,85.27412777526054
unsw,sfg,rand102,3,Shellcode,37.727523441809154
unsw,sfg,rand102,3,Worms,70.0
unsw,sfg,rand102,4,Analysis,0.22480329711502436
unsw,sfg,rand102,4,Backdoor,9.336332958380202
unsw,sfg,rand102,4,DoS,44.176042356055596
unsw,sfg,rand102,4,Exploits,69.1490982981966
unsw,sfg,rand102,4,Fuzzers,41.448365447066465
unsw,sfg,rand102,4,Generic,97.98200826647216
unsw,sfg,rand102,4,Normal,82.02311868942235
unsw,sfg,rand102,4,Reconnaissance,84.67695826186392
unsw,sfg,rand102,4,Shellcode,42.08518753973299
unsw,sfg,rand102,4,Worms,64.76190476190476
unsw,sfg,rand103,0,Analysis,0.19348597226701064
unsw,sfg,rand103,0,Backdoor,9.63572267920094
unsw,sfg,rand103,0,DoS,40.083270249810745
unsw,sfg,rand103,0,Exploits,71.01147533046046
unsw,sfg,rand103,0,Fuzzers,38.253342099495946
unsw,sfg,rand103,0,Generic,98.01360250458815
unsw,sfg,rand103,0,Normal,80.96783804550658
unsw,sfg,rand103,0,Reconnaissance,83.29411764705881
unsw,sfg,rand103,0,Shellcode,37.871148459383754
unsw,sfg,rand103,0,Worms,54.263565891472865
unsw,sfg,rand103,1,Analysis,0.23103581055063535
unsw,sfg,rand103,1,Backdoor,8.808290155440414
unsw,sfg,rand103,1,DoS,36.33646456020495
unsw,sfg,rand103,1,Exploits,70.1204271756419
unsw,sfg,rand103,1,Fuzzers,39.162929745889386
unsw,sfg,rand103,1,Generic,98.1706495675836
unsw,sfg,rand103,1,Normal,80.43032624068395
unsw,sfg,rand103,1,Reconnaissance,84.61313012895663
unsw,sfg,rand103,1,Shellcode,39.50310559006211
unsw,sfg,rand103,1,Worms,55.85585585585585
unsw,sfg,rand103,2,Analysis,0.0
unsw,sfg,rand103,2,Backdoor,8.13953488372093
unsw,sfg,rand103,2,DoS,38.623138376565734
unsw,sfg,rand103,2,Exploits,69.85875029925785
unsw,sfg,rand103,2,Fuzzers,37.94652406417112
unsw,sfg,rand103,2,Generic,98.010098010098
unsw,sfg,rand103,2,Normal,81.33101362047617
unsw,sfg,rand103,2,Reconnaissance,82.58491652274036
unsw,sfg,rand103,2,Shellcode,45.536332179930795
unsw,sfg,rand103,2,Worms,50.42016806722689
unsw,sfg,rand103,3,Analysis,0.3634711494775102
unsw,sfg,rand103,3,Backdoor,8.72072072072072
unsw,sfg,rand103,3,DoS,41.68486171761281
unsw,sfg,rand103,3,Exploits,70.61188468327123
unsw,sfg,rand103,3,Fuzzers,37.63711381704739
unsw,sfg,rand103,3,Generic,98.10974787649994
unsw,sfg,rand103,3,Normal,80.06952860878994
unsw,sfg,rand103,3,Reconnaissance,83.841642228739
unsw,sfg,rand103,3,Shellcode,39.46604759141033
unsw,sfg,rand103,3,Worms,62.22222222222222
unsw,sfg,rand103,4,Analysis,0.5759539236861051
unsw,sfg,rand103,4,Backdoor,9.15083365645599
unsw,sfg,rand103,4,DoS,41.5961521332502
unsw,sfg,rand103,4,Exploits,69.66047087980174
unsw,sfg,rand103,4,Fuzzers,37.353694220921724
unsw,sfg,rand103,4,Generic,98.03752193278446
unsw,sfg,rand103,4,Normal,76.62937662937664
unsw,sfg,rand103,4,Reconnaissance,84.52524038461539
unsw,sfg,rand103,4,Shellcode,40.692640692640694
unsw,sfg,rand103,4,Worms,60.550458715596335
unsw,sfg,rand104,0,Analysis,0.31007751937984496
unsw,sfg,rand104,0,Backdoor,8.45771144278607
unsw,sfg,rand104,0,DoS,40.0896274857623
unsw,sfg,rand104,0,Exploits,70.59269796111901
unsw,sfg,rand104,0,Fuzzers,39.656076334277024
unsw,sfg,rand104,0,Generic,98.06970654140007
unsw,sfg,rand104,0,Normal,80.52779266639341
unsw,sfg,rand104,0,Reconnaissance,85.19206939281288
unsw,sfg,rand104,0,Shellcode,48.346803820720055
unsw,sfg,rand104,0,Worms,66.01941747572816
unsw,sfg,rand104,1,Analysis,1.1871290221805686
unsw,sfg,rand104,1,Backdoor,11.36238279095422
unsw,sfg,rand104,1,DoS,39.066315069831035
unsw,sfg,rand104,1,Exploits,70.82395110518817
unsw,sfg,rand104,1,Fuzzers,39.02749375142013
unsw,sfg,rand104,1,Generic,98.05022954361328
unsw,sfg,rand104,1,Normal,76.38111019055509
unsw,sfg,rand104,1,Reconnaissance,85.8343711083437
unsw,sfg,rand104,1,Shellcode,40.49151550614394
unsw,sfg,rand104,1,Worms,56.060606060606055
unsw,sfg,rand104,2,Analysis,0.0
unsw,sfg,rand104,2,Backdoor,7.9488043112158975
unsw,sfg,rand104,2,DoS,40.597896290828565
unsw,sfg,rand104,2,Exploits,69.74666142969363
unsw,sfg,rand104,2,Fuzzers,41.20890774125133
unsw,sfg,rand104,2,Generic,98.08662798542707
unsw,sfg,rand104,2,Normal,81.5799361262446
unsw,sfg,rand104,2,Reconnaissance,84.9963476990504
unsw,sfg,rand104,2,Shellcode,48.86280264123258
unsw,sfg,rand104,2,Worms,60.0
unsw,sfg,rand104,3,Analysis,0.0
unsw,sfg,rand104,3,Backdoor,8.114901256732496
unsw,sfg,rand104,3,DoS,40.12567324955117
unsw,sfg,rand104,3,Exploits,69.92836606403196
unsw,sfg,rand104,3,Fuzzers,40.167763856445106
unsw,sfg,rand104,3,Generic,98.05563056980826
unsw,sfg,rand104,3,Normal,82.51334829373984
unsw,sfg,rand104,3,Reconnaissance,85.30563083408612
unsw,sfg,rand104,3,Shellcode,48.73174481168332
unsw,sfg,rand104,3,Worms,64.22018348623854
unsw,sfg,rand104,4,Analysis,0.8354755784061696
unsw,sfg,rand104,4,Backdoor,8.543263964950713
unsw,sfg,rand104,4,DoS,30.84765856550089
unsw,sfg,rand104,4,Exploits,70.78554798654825
unsw,sfg,rand104,4,Fuzzers,40.83583416694454
unsw,sfg,rand104,4,Generic,98.13590871078259
unsw,sfg,rand104,4,Normal,81.51473440530563
unsw,sfg,rand104,4,Reconnaissance,85.41791942273001
unsw,sfg,rand104,4,Shellcode,46.32610216934919
unsw,sfg,rand104,4,Worms,57.407407407407405
nsl,sfg,rand100,0,DoS,88.4228794562152
nsl,sfg,rand100,0,Normal,81.9236283070507
nsl,sfg,rand100,0,Probe,72.7526781555659
nsl,sfg,rand100,0,R2L,48.60203814998694
nsl,sfg,rand100,0,U2R,58.82352941176471
nsl,sfg,rand100,1,DoS,87.85251038402681
nsl,sfg,rand100,1,Normal,80.48457961864949
nsl,sfg,rand100,1,Probe,78.26462335419815
nsl,sfg,rand100,1,R2L,17.372216995923488
nsl,sfg,rand100,1,U2R,50.0
nsl,sfg,rand100,2,DoS,85.64415352573639
nsl,sfg,rand100,2,Normal,81.40226812125394
nsl,sfg,rand100,2,Probe,82.41272646928856
nsl,sfg,rand100,2,R2L,48.380355276907
nsl,sfg,rand100,2,U2R,46.464646464646464
nsl,sfg,rand100,3,DoS,85.13150029886431
nsl,sfg,rand100,3,Normal,81.13410489179537
nsl,sfg,rand100,3,Probe,75.01135847342117
nsl,sfg,rand100,3,R2L,43.35522991409803
nsl,sfg,rand100,3,U2R,47.524752475247524
nsl,sfg,rand100,4,DoS,87.37892574112122
nsl,sfg,rand100,4,Normal,79.6707471506965
nsl,sfg,rand100,4,Probe,78.5105428443248
nsl,sfg,rand100,4,R2L,19.525888958203367
nsl,sfg,rand100,4,U2R,60.37735849056604
nsl,sfg,rand101,0,DoS,88.32743810005053
nsl,sfg,rand101,0,Normal,80.66889059960654
nsl,sfg,rand101,0,Probe,72.50686184812443
nsl,sfg,rand101,0,R2L,27.886323268206038
nsl,sfg,rand101,0,U2R,33.00970873786408
nsl,sfg,rand101,1,DoS,89.2690289657155
nsl,sfg,rand101,1,Normal,81.7456877871197
nsl,sfg,rand101,1,Probe,74.33056325023084
nsl,sfg,rand101,1,R2L,40.185134767220255
nsl,sfg,rand101,1,U2R,39.58333333333333
nsl,sfg,rand101,2,DoS,85.29038992022664
nsl,sfg,rand101,2,Normal,82.22212532158898
nsl,sfg,rand101,2,Probe,79.12670883493165
nsl,sfg,rand101,2,R2L,43.75
nsl,sfg,rand101,2,U2R,45.36082474226804
nsl,sfg,rand101,3,DoS,87.8386251092339
nsl,sfg,rand101,3,Normal,81.9768956831408
nsl,sfg,rand101,3,Probe,75.85431654676259
nsl,sfg,rand101,3,R2L,46.21492853361567
nsl,sfg,rand101,3,U2R,53.84615384615385
nsl,sfg,rand101,4,DoS,88.4406853177185
nsl,sfg,rand101,4,Normal,80.76082765711348
nsl,sfg,rand101,4,Probe,77.56244616709733
nsl,sfg,rand101,4,R2L,16.524216524216524
nsl,sfg,rand101,4,U2R,53.21100917431193
nsl,sfg,rand102,0,DoS,87.06193519947102
nsl,sfg,rand102,0,Normal,80.03390548845094
nsl,sfg,rand102,0,Probe,75.37938844847112
nsl,sfg,rand102,0,R2L,25.246195165622204
nsl,sfg,rand102,0,U2R,44.827586206896555
nsl,sfg,rand102,1,DoS,89.44954128440367
nsl,sfg,rand102,1,Normal,80.40973111395647
nsl,sfg,rand102,1,Probe,73.41657207718501
nsl,sfg,rand102,1,R2L,18.878504672897193
nsl,sfg,rand102,1,U2R,35.16483516483517
nsl,sfg,rand102,2,DoS,88.85850007197351
nsl,sfg,rand102,2,Normal,80.47822374039283
nsl,sfg,rand102,2,Probe,76.440489432703
nsl,sfg,rand102,2,R2L,15.969820811065702
nsl,sfg,rand102,2,U2R,51.02040816326531
nsl,sfg,rand102,3,DoS,86.82352941176471
nsl,sfg,rand102,3,Normal,79.9492170969107
nsl,sfg,rand102,3,Probe,72.74014632995043
nsl,sfg,rand102,3,R2L,23.083499572527785
nsl,sfg,rand102,3,U2R,57.14285714285714
nsl,sfg,rand102,4,DoS,89.31440045897877
nsl,sfg,rand102,4,Normal,81.82173403377763
nsl,sfg,rand102,4,Probe,74.93273542600896
nsl,sfg,rand102,4,R2L,33.11633172940843
nsl,sfg,rand102,4,U2R,55.932203389830505
nsl,sfg,rand103,0,DoS,87.39679988310075
nsl,sfg,rand103,0,Normal,79.64370145221208
nsl,sfg,rand103,0,Probe,71.40151515151516
nsl,sfg,rand103,0,R2L,28.68102685157864
nsl,sfg,rand103,0,U2R,42.0
nsl,sfg,rand103,1,DoS,87.88498029484747
nsl,sfg,rand103,1,Normal,81.93710473880273
nsl,sfg,rand103,1,Probe,78.19383259911893
nsl,sfg,rand103,1,R2L,41.71678512848551
nsl,sfg,rand103,1,U2R,49.01960784313725
nsl,sfg,rand103,2,DoS,87.17383314957736
nsl,sfg,rand103,2,Normal,80.48863830514266
nsl,sfg,rand103,2,Probe,73.59154929577466
nsl,sfg,rand103,2,R2L,27.046054561454973
nsl,sfg,rand103,2,U2R,66.10169491525424
nsl,sfg,rand103,3,DoS,85.7248905055304
nsl,sfg,rand103,3,Normal,79.39804111143806
nsl,sfg,rand103,3,Probe,71.91989551589029
nsl,sfg,rand103,3,R2L,14.88817891373802
nsl,sfg,rand103,3,U2R,46.15384615384615
nsl,sfg,rand103,4,DoS,88.48449555976124
nsl,sfg,rand103,4,Normal,80.0
nsl,sfg,rand103,4,Probe,75.68933823529412
nsl,sfg,rand103,4,R2L,23.797930614729154
nsl,sfg,rand103,4,U2R,41.07142857142857
nsl,sfg,rand104,0,DoS,88.16956239636652
nsl,sfg,rand104,0,Normal,81.35228251507321
nsl,sfg,rand104,0,Probe,71.1354961832061
nsl,sfg,rand104,0,R2L,43.27833378414931
nsl,sfg,rand104,0,U2R,55.55555555555556
nsl,sfg,rand104,1,DoS,87.44045041143352
nsl,sfg,rand104,1,Normal,81.3103448275862
nsl,sfg,rand104,1,Probe,74.43591532914631
nsl,sfg,rand104,1,R2L,39.16391639163916
nsl,sfg,rand104,1,U2R,38.38383838383838
nsl,sfg,rand104,2,DoS,88.29941860465115
nsl,sfg,rand104,2,Normal,81.5932877778739
nsl,sfg,rand104,2,Probe,81.1416490486258
nsl,sfg,rand104,2,R2L,28.039041703637977
nsl,sfg,rand104,2,U2R,44.21052631578947
nsl,sfg,rand104,3,DoS,89.7105880679798
nsl,sfg,rand104,3,Normal,81.95867338079528
nsl,sfg,rand104,3,Probe,84.16250271562025
nsl,sfg,rand104,3,R2L,23.50076103500761
nsl,sfg,rand104,3,U2R,53.46534653465347
nsl,sfg,rand104,4,DoS,89.31605471562276
nsl,sfg,rand104,4,Normal,82.9004614370468
nsl,sfg,rand104,4,Probe,81.65156941226037
nsl,sfg,rand104,4,R2L,38.50862548692265
nsl,sfg,rand104,4,U2R,45.09803921568628
