ds,model,field,seed,class,count,Basic,Content,Time,Additional,Host
unsw_nottl,sfg,profile,0,Analysis,400,0.39322662093254174,0.35509776396546566,0.0977513347410388,0.15392428036095382,
unsw_nottl,sfg,profile,0,Backdoor,400,0.43310547667022514,0.3733130015742615,0.08533163669942802,0.10824988505608531,
unsw_nottl,sfg,profile,0,DoS,400,0.3731125898524191,0.2953885300853134,0.13054258775781774,0.20095629230444978,
unsw_nottl,sfg,profile,0,Exploits,400,0.34061638818562434,0.3044038535184439,0.17183283161588206,0.1831469266800497,
unsw_nottl,sfg,profile,0,Fuzzers,400,0.3685504978718049,0.3148997145167213,0.15872915010972832,0.1578206375017455,
unsw_nottl,sfg,profile,0,Generic,400,0.30729144282359117,0.3170784391458935,0.12586574457591776,0.24976437345459757,
unsw_nottl,sfg,profile,0,Normal,400,0.26719526732090454,0.2529731184146637,0.2383357594014299,0.24149585486300187,
unsw_nottl,sfg,profile,0,Reconnaissance,400,0.35023713184732486,0.3397489640588352,0.1702128154465893,0.13980108864725063,
unsw_nottl,sfg,profile,0,Shellcode,378,0.44457768095984584,0.31765480472244506,0.08705443268312814,0.15071308163458094,
unsw_nottl,sfg,profile,0,Worms,44,0.39855242319728446,0.4499359873733751,0.05622749136366793,0.09528409806567253,
unsw_nottl,sfg,mc_profile,0,Analysis,400,0.39759626050524616,0.34596177517043425,0.10094728775374641,0.15549467657057323,
unsw_nottl,sfg,mc_profile,0,Backdoor,400,0.4419366499989372,0.3768838498990094,0.07390679717105675,0.10727270293099667,
unsw_nottl,sfg,mc_profile,0,DoS,400,0.38216128309397446,0.2925616885845451,0.12342928998898188,0.20184773833249844,
unsw_nottl,sfg,mc_profile,0,Exploits,400,0.3491591754919331,0.3044172329942211,0.16575660853941349,0.18066698297443232,
unsw_nottl,sfg,mc_profile,0,Fuzzers,400,0.3670604780268822,0.3198279716861142,0.1567661927456507,0.15634535754135284,
unsw_nottl,sfg,mc_profile,0,Generic,400,0.28992061713056155,0.32518206843025815,0.1312103850270517,0.2536869294121286,
unsw_nottl,sfg,mc_profile,0,Normal,400,0.25553898625678484,0.2499707702352874,0.24748035034467425,0.24700989316325345,
unsw_nottl,sfg,mc_profile,0,Reconnaissance,400,0.34120655139969186,0.34716798726274845,0.17777138884341168,0.1338540724941479,
unsw_nottl,sfg,mc_profile,0,Shellcode,378,0.450909884383926,0.3193168281397682,0.086124324396365,0.14364896307994088,
unsw_nottl,sfg,mc_profile,0,Worms,44,0.4030102050128465,0.44681346784133774,0.05644815258599595,0.09372817455981988,
unsw_nottl,sfg,profile,1,Analysis,400,0.3943933813752011,0.30316285213360683,0.11847864319992872,0.18396512329126335,
unsw_nottl,sfg,profile,1,Backdoor,400,0.4111008564721666,0.3897224950602047,0.10478078185835904,0.09439586660926964,
unsw_nottl,sfg,profile,1,DoS,400,0.394855385509403,0.2901171530949036,0.11678456147317678,0.1982428999225166,
unsw_nottl,sfg,profile,1,Exploits,400,0.34558015299504,0.2922112188319747,0.18961183186492808,0.17259679630805716,
unsw_nottl,sfg,profile,1,Fuzzers,400,0.36880420881368575,0.3329133511467655,0.1466636486982716,0.15161879134127715,
unsw_nottl,sfg,profile,1,Generic,400,0.31741396744628225,0.3306246548190239,0.11278493700413186,0.23917644073056196,
unsw_nottl,sfg,profile,1,Normal,400,0.28629284950730804,0.26802742639072624,0.23566338545578513,0.21001633864618055,
unsw_nottl,sfg,profile,1,Reconnaissance,400,0.36729848853966374,0.3491394951132357,0.14876931068545068,0.1347927056616499,
unsw_nottl,sfg,profile,1,Shellcode,378,0.3659201391818484,0.37702425108712595,0.10041509642519819,0.15664051330582743,
unsw_nottl,sfg,profile,1,Worms,44,0.40783371465099955,0.3859399294485201,0.07573581925597057,0.13049053664450977,
unsw_nottl,sfg,mc_profile,1,Analysis,400,0.40861098480428776,0.29388914511039715,0.1148045483657711,0.18269532171954406,
unsw_nottl,sfg,mc_profile,1,Backdoor,400,0.421635532226049,0.3876407276704392,0.09475946489076889,0.09596427521274298,
unsw_nottl,sfg,mc_profile,1,DoS,400,0.40510319900950054,0.28766332139532685,0.10932838103241455,0.197905098562758,
unsw_nottl,sfg,mc_profile,1,Exploits,400,0.3578583744085708,0.286475245577809,0.1831339062282531,0.1725324737853672,
unsw_nottl,sfg,mc_profile,1,Fuzzers,400,0.36937304626032735,0.3395816793068876,0.14548509161619522,0.14556018281658972,
unsw_nottl,sfg,mc_profile,1,Generic,400,0.2974846895499043,0.342146285974165,0.11885698241188407,0.24151204206404667,
unsw_nottl,sfg,mc_profile,1,Normal,400,0.2758088383935809,0.2679343423495644,0.24427478935464775,0.21198202990220694,
unsw_nottl,sfg,mc_profile,1,Reconnaissance,400,0.3581371531821804,0.3526528320687491,0.15869225905260684,0.13051775569646373,
unsw_nottl,sfg,mc_profile,1,Shellcode,378,0.3690564150201682,0.3764579230737578,0.10402900560143745,0.15045665630463662,
unsw_nottl,sfg,mc_profile,1,Worms,44,0.4083491208048674,0.38280048055515825,0.07668199671935641,0.13216840192061802,
unsw_nottl,sfg,profile,2,Analysis,400,0.3537583139939136,0.3531862047277633,0.1290232485300124,0.1640322327483107,
unsw_nottl,sfg,profile,2,Backdoor,400,0.3361246692831065,0.37822259188878943,0.15576979252446604,0.12988294630363797,
unsw_nottl,sfg,profile,2,DoS,400,0.3604075368384785,0.28926322832867785,0.1393969871236324,0.21093224770921126,
unsw_nottl,sfg,profile,2,Exploits,400,0.35232515840516476,0.2910509497006607,0.17897189819954817,0.17765199369462634,
unsw_nottl,sfg,profile,2,Fuzzers,400,0.36889630535663975,0.3268955801719038,0.15663247879273595,0.1475756356787205,
unsw_nottl,sfg,profile,2,Generic,400,0.3120417156419513,0.30349482673721734,0.12147007947301645,0.26299337814781487,
unsw_nottl,sfg,profile,2,Normal,400,0.29135692275110053,0.2575692836097819,0.229813087950684,0.22126070568843365,
unsw_nottl,sfg,profile,2,Reconnaissance,400,0.347836741411312,0.3556781709873473,0.1665843204213175,0.12990076718002325,
unsw_nottl,sfg,profile,2,Shellcode,378,0.3692061541516558,0.3668049527941857,0.085322120340135,0.17866677271402354,
unsw_nottl,sfg,profile,2,Worms,44,0.3809557905800554,0.41386734730091557,0.08371343246600775,0.12146342965302132,
unsw_nottl,sfg,mc_profile,2,Analysis,400,0.3654752559136598,0.33972567739675624,0.12818389208358527,0.1666151746059986,
unsw_nottl,sfg,mc_profile,2,Backdoor,400,0.3454738916337821,0.3653741852950757,0.1584861652466557,0.1306657578244864,
unsw_nottl,sfg,mc_profile,2,DoS,400,0.36439360058901343,0.2937538038398688,0.1302054140788918,0.21164718149222586,
unsw_nottl,sfg,mc_profile,2,Exploits,400,0.36530179138996455,0.28920872812826015,0.1683651208556265,0.1771243596261488,
unsw_nottl,sfg,mc_profile,2,Fuzzers,400,0.37413393094778763,0.33055336841106503,0.15070355418686981,0.1446091464542776,
unsw_nottl,sfg,mc_profile,2,Generic,400,0.2983773120119582,0.31089218484254566,0.12773225510390962,0.26299824804158656,
unsw_nottl,sfg,mc_profile,2,Normal,400,0.2859097289367121,0.2519852706414286,0.23756129063789838,0.22454370978396085,
unsw_nottl,sfg,mc_profile,2,Reconnaissance,400,0.3409311283271683,0.3607361955825825,0.171622889932018,0.12670978615823109,
unsw_nottl,sfg,mc_profile,2,Shellcode,378,0.37060929394509573,0.3670612106171439,0.09171458497790692,0.17061491045985336,
unsw_nottl,sfg,mc_profile,2,Worms,44,0.37887416300779736,0.41830321193212,0.08401932264938669,0.1188033024106959,
unsw_nottl,sfg,profile,3,Analysis,400,0.3405127876552832,0.3388678337610065,0.10429392963192098,0.21632544895178935,
unsw_nottl,sfg,profile,3,Backdoor,400,0.43751365057593655,0.3031606531341506,0.1246239335135062,0.1347017627764067,
unsw_nottl,sfg,profile,3,DoS,400,0.3923996712409793,0.30029312122248714,0.13445488548260479,0.1728523220539288,
unsw_nottl,sfg,profile,3,Exploits,400,0.3366252681377019,0.3197444649263655,0.17447451957922835,0.1691557473567043,
unsw_nottl,sfg,profile,3,Fuzzers,400,0.3615884994939289,0.3230951322092512,0.14780226372055777,0.16751410457626215,
unsw_nottl,sfg,profile,3,Generic,400,0.32714294160275253,0.32059923608185453,0.12069819464645039,0.23155962766894253,
unsw_nottl,sfg,profile,3,Normal,400,0.28423359340693516,0.24531274117054364,0.24386266391259648,0.2265910015099247,
unsw_nottl,sfg,profile,3,Reconnaissance,400,0.33322971431221426,0.3805736296614381,0.14225191556538014,0.14394474046096753,
unsw_nottl,sfg,profile,3,Shellcode,378,0.4053448093596086,0.3405079138334793,0.07042812977695777,0.18371914702995432,
unsw_nottl,sfg,profile,3,Worms,44,0.4312993540082286,0.37759182746949244,0.06780190130649759,0.12330691721578135,
unsw_nottl,sfg,mc_profile,3,Analysis,400,0.3523432471438589,0.32338014330679477,0.1058051941954927,0.21847141535385364,
unsw_nottl,sfg,mc_profile,3,Backdoor,400,0.45418250647567526,0.29545812490076867,0.10883979330703285,0.14151957531652315,
unsw_nottl,sfg,mc_profile,3,DoS,400,0.4065381507542137,0.2966738363342963,0.12399866134179764,0.1727893515696923,
unsw_nottl,sfg,mc_profile,3,Exploits,400,0.34445365036684017,0.3182150777464395,0.1656157147790449,0.17171555710767533,
unsw_nottl,sfg,mc_profile,3,Fuzzers,400,0.36480419129852554,0.3282153809329704,0.1453028834540398,0.16167754431446427,
unsw_nottl,sfg,mc_profile,3,Generic,400,0.3120264802438912,0.3336809351455034,0.12105958317083085,0.23323300143977452,
unsw_nottl,sfg,mc_profile,3,Normal,400,0.28071747141070286,0.23884940198387916,0.2518699660709791,0.22856316053443892,
unsw_nottl,sfg,mc_profile,3,Reconnaissance,400,0.32485601456307595,0.3854616430103747,0.14916874661317714,0.14051359581337217,
unsw_nottl,sfg,mc_profile,3,Shellcode,378,0.4120066196643411,0.34371546017477794,0.07067298597550122,0.17360493418537978,
unsw_nottl,sfg,mc_profile,3,Worms,44,0.42430255700378594,0.37789405998537484,0.0708973353125334,0.1269060476983059,
unsw_nottl,sfg,profile,4,Analysis,400,0.3279760234433641,0.3693804598872803,0.09314349793791823,0.20950001873143737,
unsw_nottl,sfg,profile,4,Backdoor,400,0.39965100294226563,0.3418912334547106,0.1032083695307106,0.15524939407231317,
unsw_nottl,sfg,profile,4,DoS,400,0.35190132261191637,0.317122587848565,0.139985340228121,0.19099074931139762,
unsw_nottl,sfg,profile,4,Exploits,400,0.3375878377328301,0.3052974746762643,0.17032153293489447,0.18679315465601118,
unsw_nottl,sfg,profile,4,Fuzzers,400,0.3724065304428381,0.33104043446966225,0.14333137324523665,0.15322166184226302,
unsw_nottl,sfg,profile,4,Generic,400,0.29528905347763745,0.31491113234499346,0.13392294454587503,0.2558768696314941,
unsw_nottl,sfg,profile,4,Normal,400,0.28889327642401647,0.2565246698262751,0.2396116389980273,0.2149704147516812,
unsw_nottl,sfg,profile,4,Reconnaissance,400,0.353294920167194,0.347788243449343,0.16329388892337807,0.13562294746008496,
unsw_nottl,sfg,profile,4,Shellcode,378,0.38416914752963377,0.3374423086852672,0.10635500015204113,0.17203354363305787,
unsw_nottl,sfg,profile,4,Worms,44,0.4200354340888285,0.4285050506191278,0.06389462018648925,0.08756489510555444,
unsw_nottl,sfg,mc_profile,4,Analysis,400,0.3415264641737623,0.3616920799650563,0.08637347134885723,0.2104079845123242,
unsw_nottl,sfg,mc_profile,4,Backdoor,400,0.4131138208991836,0.3373524501354361,0.09553290130767528,0.154000827657705,
unsw_nottl,sfg,mc_profile,4,DoS,400,0.35647862018002374,0.3217038383494669,0.13199801923523166,0.18981952223527773,
unsw_nottl,sfg,mc_profile,4,Exploits,400,0.3437879824304982,0.3069706974605065,0.16367182509153122,0.18556949501746403,
unsw_nottl,sfg,mc_profile,4,Fuzzers,400,0.37069327960906295,0.33847874561609326,0.14173167202788214,0.14909630274696156,
unsw_nottl,sfg,mc_profile,4,Generic,400,0.28016249571965957,0.3247231410109608,0.13789048425299943,0.25722387901638016,
unsw_nottl,sfg,mc_profile,4,Normal,400,0.28185305002302535,0.2524307355362694,0.24829447422753853,0.21742174021316676,
unsw_nottl,sfg,mc_profile,4,Reconnaissance,400,0.3446493478896347,0.3520195956948769,0.17253061358497604,0.13080044283051245,
unsw_nottl,sfg,mc_profile,4,Shellcode,378,0.38460166301908655,0.3432692173501281,0.10921705456474486,0.1629120650660405,
unsw_nottl,sfg,mc_profile,4,Worms,44,0.4181507264416725,0.4297005594701796,0.06394161516706573,0.08820709892108208,
unsw,xgb,mc_profile,0,Analysis,400,0.7700908789762363,0.1393615825134011,0.03221387859018506,0.05833365992017736,
unsw,xgb,mc_profile,0,Backdoor,400,0.7404104583862331,0.1311551654633532,0.04409323732567978,0.08434113882473389,
unsw,xgb,mc_profile,0,DoS,400,0.6409557891927279,0.05632389939910767,0.044586315543301634,0.2581339958648629,
unsw,xgb,mc_profile,0,Exploits,400,0.6733895810500502,0.1287764347301461,0.0680614813663026,0.12977250285350114,
unsw,xgb,mc_profile,0,Fuzzers,400,0.5818087000721943,0.14315117865600743,0.13890914996324114,0.1361309713085571,
unsw,xgb,mc_profile,0,Generic,400,0.8355145914881326,0.06720764628114184,0.013915470859501178,0.08336229137122439,
unsw,xgb,mc_profile,0,Normal,400,0.6907764403044095,0.0792842305551035,0.0668131775495042,0.16312615159098276,
unsw,xgb,mc_profile,0,Reconnaissance,400,0.4671535273228309,0.3467265294393893,0.0680433362153884,0.11807660702239137,
unsw,xgb,mc_profile,0,Shellcode,378,0.5643855891314246,0.13848042817020143,0.027027320828097858,0.27010666187027615,
unsw,xgb,mc_profile,0,Worms,44,0.6822762774504733,0.16511296408493678,0.06808199936862,0.08452875909597012,
unsw,xgb,mc_profile,1,Analysis,400,0.7567251380658624,0.11597134436521535,0.036626470162673265,0.09067704740624905,
unsw,xgb,mc_profile,1,Backdoor,400,0.7332877403641903,0.14427811440047586,0.033977801955268845,0.08845634328006513,
unsw,xgb,mc_profile,1,DoS,400,0.5917105692092891,0.08682369234621111,0.03956964526145763,0.28189609318304204,
unsw,xgb,mc_profile,1,Exploits,400,0.6848926047476457,0.12973721743909114,0.06088209551526741,0.1244880822979959,
unsw,xgb,mc_profile,1,Fuzzers,400,0.6052310375261416,0.14195177826439873,0.11427402344251747,0.1385431607669422,
unsw,xgb,mc_profile,1,Generic,400,0.7734177172008612,0.0878832785869914,0.019076190694669728,0.1196228135174778,
unsw,xgb,mc_profile,1,Normal,400,0.705297213985639,0.07219544954810471,0.06553080637179565,0.1569765300944607,
unsw,xgb,mc_profile,1,Reconnaissance,400,0.5086413157697771,0.31817779778795036,0.05752606427271633,0.11565482216955612,
unsw,xgb,mc_profile,1,Shellcode,378,0.5428247615120035,0.1520590373461173,0.019587146639026946,0.28552905450285215,
unsw,xgb,mc_profile,1,Worms,44,0.4946646064562882,0.3404472953075132,0.10766704076120974,0.05722105747498869,
unsw,xgb,mc_profile,2,Analysis,400,0.7388037496429379,0.16008861964564103,0.0300749827670169,0.07103264794440424,
unsw,xgb,mc_profile,2,Backdoor,400,0.8162461154411399,0.07253899563684525,0.03594543414654072,0.075269454775474,
unsw,xgb,mc_profile,2,DoS,400,0.6458414664758471,0.047162642305402194,0.034041841920955745,0.2729540492977952,
unsw,xgb,mc_profile,2,Exploits,400,0.6851749690819828,0.11494017509220614,0.07074234114318027,0.12914251468263072,
unsw,xgb,mc_profile,2,Fuzzers,400,0.5897991211334596,0.13009052736659435,0.13696020990429594,0.1431501415956501,
unsw,xgb,mc_profile,2,Generic,400,0.8214102037482918,0.06890747326094589,0.022791899664784877,0.08689042332597746,
unsw,xgb,mc_profile,2,Normal,400,0.674381637505135,0.07828531065113539,0.06557637430762633,0.18175667753610325,
unsw,xgb,mc_profile,2,Reconnaissance,400,0.4606431056394122,0.3632980986437814,0.06381230669652854,0.11224648902027777,
unsw,xgb,mc_profile,2,Shellcode,378,0.5499279951088745,0.1696624255350689,0.021698303602135923,0.2587112757539207,
unsw,xgb,mc_profile,2,Worms,44,0.5710232452657483,0.27890942298575944,0.0584746090911071,0.09159272265738516,
unsw,xgb,mc_profile,3,Analysis,400,0.7660626109903694,0.11413537800375192,0.031071570751676447,0.08873044025420232,
unsw,xgb,mc_profile,3,Backdoor,400,0.8082098448398471,0.07217190536655335,0.02660800642972066,0.09301024336387871,
unsw,xgb,mc_profile,3,DoS,400,0.5798030108440495,0.09794099681185163,0.04761641605182369,0.2746395762922751,
unsw,xgb,mc_profile,3,Exploits,400,0.6866216430072375,0.11440126393254527,0.06015457229521789,0.13882252076499924,
unsw,xgb,mc_profile,3,Fuzzers,400,0.5908065742611187,0.1382997425200546,0.12470809184713846,0.14618559137168832,
unsw,xgb,mc_profile,3,Generic,400,0.82984699206901,0.06484145271757377,0.013322074031812724,0.09198948118160333,
unsw,xgb,mc_profile,3,Normal,400,0.6670917816428167,0.08678347063412614,0.062163981977814836,0.18396076574524237,
unsw,xgb,mc_profile,3,Reconnaissance,400,0.5161081746778708,0.3155367706166702,0.05834637271228066,0.1100086819931783,
unsw,xgb,mc_profile,3,Shellcode,378,0.5334986058275141,0.17920259065275299,0.02790847303655736,0.25939033048317556,
unsw,xgb,mc_profile,3,Worms,44,0.5654294207813563,0.2385704563940772,0.1108403456813306,0.08515977714323594,
unsw,xgb,mc_profile,4,Analysis,400,0.7414979570755246,0.1530235855961373,0.03804338070570113,0.06743507662263706,
unsw,xgb,mc_profile,4,Backdoor,400,0.8103265633954037,0.061876393573095156,0.041703180903919425,0.0860938621275817,
unsw,xgb,mc_profile,4,DoS,400,0.6083556772540664,0.07207842010515754,0.03428237245989284,0.28528353018088315,
unsw,xgb,mc_profile,4,Exploits,400,0.6895372530526095,0.1420279859369856,0.05110076255604755,0.1173339984543573,
unsw,xgb,mc_profile,4,Fuzzers,400,0.5733860316952244,0.1493311236858359,0.13974262588001,0.13754021873892971,
unsw,xgb,mc_profile,4,Generic,400,0.797980845425024,0.08105353833955031,0.019104915116337516,0.10186070111908815,
unsw,xgb,mc_profile,4,Normal,400,0.6873506782021194,0.07962311707206414,0.06556603546045721,0.16746016926535923,
unsw,xgb,mc_profile,4,Reconnaissance,400,0.4956678277148585,0.33033798093186467,0.06143130940344999,0.11256288194982693,
unsw,xgb,mc_profile,4,Shellcode,378,0.5456394994640309,0.17254754024362196,0.019925678267897706,0.2618872820244495,
unsw,xgb,mc_profile,4,Worms,44,0.6137837774433558,0.2197249210277788,0.07786932663727242,0.08862197489159299,
unsw,attn,mc_profile,0,Analysis,400,0.4429555526771732,0.36361408254402156,0.020799438311383076,0.17263092646742226,
unsw,attn,mc_profile,0,Backdoor,400,0.6301806676574061,0.24167627841789072,0.00581347698863222,0.12232957693607105,
unsw,attn,mc_profile,0,DoS,400,0.6136687890892689,0.1452985925082194,0.038104308039771315,0.20292831036274048,
unsw,attn,mc_profile,0,Exploits,400,0.7584256060823023,0.09306540544354218,0.03435231376981753,0.11415667470433807,
unsw,attn,mc_profile,0,Fuzzers,400,0.7089285796046091,0.07539267464043305,0.02881427926988968,0.1868644664850682,
unsw,attn,mc_profile,0,Generic,400,0.8237700489611477,0.10014173000896212,0.027595345146658547,0.04849287588323171,
unsw,attn,mc_profile,0,Normal,400,0.709542730261426,0.10760020349319709,0.04209949507575778,0.14075757116961923,
unsw,attn,mc_profile,0,Reconnaissance,400,0.3623122618687599,0.49068699905908214,0.039560263624889624,0.10744047544726841,
unsw,attn,mc_profile,0,Shellcode,378,0.7718648594837736,0.034597413261990916,0.024121997154133247,0.1694157301001023,
unsw,attn,mc_profile,0,Worms,44,0.6234328980940019,0.19372464259370822,0.08160637556406507,0.10123608374822483,
unsw,attn,mc_profile,1,Analysis,400,0.6438600212386271,0.21609133740811595,0.006129734303388792,0.13391890704986828,
unsw,attn,mc_profile,1,Backdoor,400,0.7774999684992764,0.10703070978254785,0.006152080963338419,0.1093172407548372,
unsw,attn,mc_profile,1,DoS,400,0.6962227725655109,0.1440498746199826,0.03672477712338377,0.12300257569112265,
unsw,attn,mc_profile,1,Exploits,400,0.6737301581950594,0.16937630204736412,0.055099998027080335,0.10179354173049608,
unsw,attn,mc_profile,1,Fuzzers,400,0.5121244771284789,0.25286918013549275,0.02782063682799832,0.2071857059080301,
unsw,attn,mc_profile,1,Generic,400,0.3191366160114195,0.5329097316842528,0.010011873779883575,0.13794177852444406,
unsw,attn,mc_profile,1,Normal,400,0.6412018024651278,0.1597844800952581,0.05024446420134738,0.1487692532382666,
unsw,attn,mc_profile,1,Reconnaissance,400,0.5949292932427508,0.2849498978921852,0.026340805670723128,0.09378000319434085,
unsw,attn,mc_profile,1,Shellcode,378,0.6997966911007191,0.07802335277181087,0.04154655428075453,0.18063340184671559,
unsw,attn,mc_profile,1,Worms,44,0.6210888766741733,0.22871179953833534,0.052638361279135605,0.09756096250835583,
unsw,attn,mc_profile,2,Analysis,400,0.7987638188862807,0.07626349953539613,0.014749505467097518,0.11022317611122556,
unsw,attn,mc_profile,2,Backdoor,400,0.81410564315919,0.06323002389557904,0.030326034823923417,0.09233829812130748,
unsw,attn,mc_profile,2,DoS,400,0.7546605702419698,0.02080427239299924,0.03145309322410243,0.19308206414092863,
unsw,attn,mc_profile,2,Exploits,400,0.8054997413147131,0.03752031605651634,0.055340388636635963,0.10163955399213463,
unsw,attn,mc_profile,2,Fuzzers,400,0.6217952305688782,0.18291146579164727,0.06439612576233622,0.13089717787713828,
unsw,attn,mc_profile,2,Generic,400,0.8464384692686144,0.06318015127467194,0.049253036959390505,0.04112834249732311,
unsw,attn,mc_profile,2,Normal,400,0.7353746231605912,0.08264823108397984,0.05137122049560553,0.13060592525982354,
unsw,attn,mc_profile,2,Reconnaissance,400,0.8099480302593396,0.03793362598570118,0.05155614035654687,0.10056220339841225,
unsw,attn,mc_profile,2,Shellcode,378,0.6480328901012276,0.045557953153367685,0.06989521502760757,0.23651394171779722,
unsw,attn,mc_profile,2,Worms,44,0.8778744511649277,0.03769678624324528,0.03420178328513825,0.050226979306688777,
unsw,attn,mc_profile,3,Analysis,400,0.7804128361285766,0.03522990143047572,0.01612009741515388,0.16823716502579392,
unsw,attn,mc_profile,3,Backdoor,400,0.8472345968482256,0.02831796228297568,0.019053643373412442,0.10539379749538633,
unsw,attn,mc_profile,3,DoS,400,0.6872421633293221,0.04928117403966479,0.05387767428219667,0.2095989883488165,
unsw,attn,mc_profile,3,Exploits,400,0.7286349319801758,0.08186997873089223,0.05382413560386168,0.13567095368507026,
unsw,attn,mc_profile,3,Fuzzers,400,0.6626380655037981,0.11150669503713637,0.055526657938318166,0.17032858152074726,
unsw,attn,mc_profile,3,Generic,400,0.9632580762266729,0.0054105776939702465,0.0031387265347986425,0.028192619544558324,
unsw,attn,mc_profile,3,Normal,400,0.7144272867791556,0.07859155410182893,0.08639132267729384,0.12058983644172164,
unsw,attn,mc_profile,3,Reconnaissance,400,0.6121823195447014,0.2162992480508457,0.09224474544503673,0.07927368695941628,
unsw,attn,mc_profile,3,Shellcode,378,0.6978863218952401,0.09893268989960483,0.024126746104954987,0.17905424210020007,
unsw,attn,mc_profile,3,Worms,44,0.7505802617113605,0.09126682784045313,0.04657375564225168,0.11157915480593461,
unsw,attn,mc_profile,4,Analysis,400,0.6633922652823513,0.15936043293272,0.029646430187078843,0.14760087159784985,
unsw,attn,mc_profile,4,Backdoor,400,0.8501833756625674,0.09117812195464141,0.012439191550855433,0.04619931083193579,
unsw,attn,mc_profile,4,DoS,400,0.7362606029457726,0.09381712511242105,0.03524358463555119,0.13467868730625523,
unsw,attn,mc_profile,4,Exploits,400,0.7565917006250255,0.09112919324735783,0.035696207376509,0.11658289875110768,
unsw,attn,mc_profile,4,Fuzzers,400,0.6534308450936063,0.1256071531620681,0.034070864054624776,0.18689113768970078,
unsw,attn,mc_profile,4,Generic,400,0.8811651923197381,0.028234099025042907,0.027842242960896015,0.06275846569432306,
unsw,attn,mc_profile,4,Normal,400,0.6623786594464737,0.1634842224292172,0.043259729982983636,0.13087738814132546,
unsw,attn,mc_profile,4,Reconnaissance,400,0.8521493065834354,0.05288181407396218,0.02421244722390672,0.07075643211869569,
unsw,attn,mc_profile,4,Shellcode,378,0.7344772217779169,0.039629395150066055,0.038222984363017,0.1876703987089999,
unsw,attn,mc_profile,4,Worms,44,0.6176265916084895,0.27838703573015,0.04933345600525777,0.05465291665610255,
unsw,sfg,profile,0,Analysis,400,0.2883438490283077,0.3083602769621201,0.11734170068472236,0.2859541733248499,
unsw,sfg,profile,0,Backdoor,400,0.3190081385950568,0.3567000052362649,0.08826535658186144,0.23602649958681693,
unsw,sfg,profile,0,DoS,400,0.37860260325859585,0.2892161809420589,0.10487198032758487,0.22730923547176038,
unsw,sfg,profile,0,Exploits,400,0.3329580124622598,0.3045480284011781,0.14855824020342884,0.21393571893313323,
unsw,sfg,profile,0,Fuzzers,400,0.3542028133865497,0.28409927868236245,0.12243738274114886,0.23926052518993898,
unsw,sfg,profile,0,Generic,400,0.32313720671603907,0.2978820039905216,0.12782580134433308,0.2511549879491063,
unsw,sfg,profile,0,Normal,400,0.25922634824515134,0.24256658026211403,0.23880599713867026,0.25940107435406434,
unsw,sfg,profile,0,Reconnaissance,400,0.33280122517229466,0.33410043130347594,0.1469845233912759,0.18611382013295347,
unsw,sfg,profile,0,Shellcode,378,0.3407887134165216,0.3972552114420434,0.09650872106670062,0.16544735407473438,
unsw,sfg,profile,0,Worms,44,0.46273135568747065,0.3228866776464158,0.09368438367208308,0.12069758299403043,
unsw,sfg,mc_profile,0,Analysis,400,0.2991319974509584,0.30055187375684217,0.10745121136000171,0.29286491743219767,
unsw,sfg,mc_profile,0,Backdoor,400,0.32869633064134834,0.34975382555653955,0.07916606353988528,0.24238378026222684,
unsw,sfg,mc_profile,0,DoS,400,0.3847040994440128,0.2908930776589403,0.09677272268159857,0.22763010021544824,
unsw,sfg,mc_profile,0,Exploits,400,0.33339606189091003,0.30507605347378475,0.1441495591437373,0.21737832549156785,
unsw,sfg,mc_profile,0,Fuzzers,400,0.35826420417831295,0.28701675764805645,0.12092933369368634,0.23378970447994418,
unsw,sfg,mc_profile,0,Generic,400,0.31336100677946077,0.30582308183515017,0.12887864086546316,0.25193727051992587,
unsw,sfg,mc_profile,0,Normal,400,0.2502609448725404,0.24185187662962745,0.2507418430976361,0.2571453354001962,
unsw,sfg,mc_profile,0,Reconnaissance,400,0.3242888589407556,0.33710206737318593,0.15035790741367272,0.18825116627238578,
unsw,sfg,mc_profile,0,Shellcode,378,0.33571324500374233,0.39811402240644106,0.10159602985970634,0.16457670273011027,
unsw,sfg,mc_profile,0,Worms,44,0.46311928589407003,0.3204993395516755,0.09495007942888704,0.12143129512536739,
unsw,sfg,profile,1,Analysis,400,0.3182357447173592,0.3408007593466296,0.07327496151177525,0.2676885344242359,
unsw,sfg,profile,1,Backdoor,400,0.2991728990104838,0.32587732820792625,0.07426558702651319,0.3006841857550768,
unsw,sfg,profile,1,DoS,400,0.32441511517614896,0.36812841104867644,0.11444056460463208,0.1930159091705425,
unsw,sfg,profile,1,Exploits,400,0.3440124810198183,0.3065290485151127,0.15401003289680723,0.19544843756826175,
unsw,sfg,profile,1,Fuzzers,400,0.31381609759116613,0.2755002185976153,0.11432583669619972,0.29635784711501884,
unsw,sfg,profile,1,Generic,400,0.3202827026650602,0.2953682207694616,0.12133833532819191,0.26301074123728624,
unsw,sfg,profile,1,Normal,400,0.25211482706714355,0.24249135416613585,0.22532198940974846,0.28007182935697217,
unsw,sfg,profile,1,Reconnaissance,400,0.3017902101260593,0.3797889319661808,0.12850194601659545,0.1899189118911645,
unsw,sfg,profile,1,Shellcode,378,0.3673275742943061,0.35369677311781217,0.06899028737939361,0.2099853652084881,
unsw,sfg,profile,1,Worms,44,0.4560880853926159,0.3999782975645421,0.050638096438330706,0.09329552060451125,
unsw,sfg,mc_profile,1,Analysis,400,0.325632960629864,0.33078708737832685,0.07237396166524344,0.27120599032656556,
unsw,sfg,mc_profile,1,Backdoor,400,0.2979977243924228,0.31864477393801705,0.07038736096977324,0.3129701406997869,
unsw,sfg,mc_profile,1,DoS,400,0.32562957683375243,0.3699329393673286,0.10765620908025171,0.19678127471866727,
unsw,sfg,mc_profile,1,Exploits,400,0.34774352869701736,0.3026430159772345,0.1497150655988815,0.19989838972686663,
unsw,sfg,mc_profile,1,Fuzzers,400,0.3175376208348701,0.2787807430759793,0.11149690016894125,0.2921847359202094,
unsw,sfg,mc_profile,1,Generic,400,0.3072906092068744,0.3047501267509028,0.12364329145231603,0.2643159725899068,
unsw,sfg,mc_profile,1,Normal,400,0.24407343445852225,0.24093329964302895,0.2397347123854843,0.2752585535129645,
unsw,sfg,mc_profile,1,Reconnaissance,400,0.29613461820606163,0.38212283592257906,0.1323836257921781,0.18935892007918131,
unsw,sfg,mc_profile,1,Shellcode,378,0.36531917663002167,0.35727303890586865,0.07413444613283986,0.20327333833126995,
unsw,sfg,mc_profile,1,Worms,44,0.45972919590149863,0.39585734006999607,0.05058037606863334,0.09383308795987197,
unsw,sfg,profile,2,Analysis,400,0.3303936610927538,0.30199875623698735,0.09404887975538956,0.2735587029148693,
unsw,sfg,profile,2,Backdoor,400,0.3818123462799483,0.31238284627873264,0.10277085676232842,0.20303395067899066,
unsw,sfg,profile,2,DoS,400,0.41107643531630866,0.2724733558861554,0.11749126523227382,0.19895894356526211,
unsw,sfg,profile,2,Exploits,400,0.3250150313960194,0.2817937092615843,0.1492378266473149,0.24395343269508143,
unsw,sfg,profile,2,Fuzzers,400,0.31272783570099355,0.3022001016204988,0.13302476203356156,0.25204730064494607,
unsw,sfg,profile,2,Generic,400,0.327657552181944,0.3005539398735333,0.12425481566328953,0.24753369228123323,
unsw,sfg,profile,2,Normal,400,0.2651134763120389,0.2384630940428123,0.21443604847178416,0.28198738117336464,
unsw,sfg,profile,2,Reconnaissance,400,0.3299926355422299,0.3315824557379176,0.1530565892884693,0.18536831943138318,
unsw,sfg,profile,2,Shellcode,378,0.35724615693812967,0.3268666232032487,0.0872076384628658,0.22867958139575578,
unsw,sfg,profile,2,Worms,44,0.4000315624262705,0.3889651906027194,0.06155324930734023,0.14944999766366984,
unsw,sfg,mc_profile,2,Analysis,400,0.34350840440904523,0.29955815362318816,0.08546369326154751,0.27146974870621904,
unsw,sfg,mc_profile,2,Backdoor,400,0.38898514928092265,0.3072390745379519,0.09940554881831329,0.2043702273628121,
unsw,sfg,mc_profile,2,DoS,400,0.42090277496920964,0.2702995929072247,0.10985390568041702,0.1989437264431486,
unsw,sfg,mc_profile,2,Exploits,400,0.3238654715060699,0.2787728809026918,0.14758172897734648,0.24977991861389184,
unsw,sfg,mc_profile,2,Fuzzers,400,0.3116530358953681,0.30608323779766844,0.13091725624843592,0.2513464700585274,
unsw,sfg,mc_profile,2,Generic,400,0.31155035655090424,0.3095781125231444,0.12896308270479265,0.24990844822115865,
unsw,sfg,mc_profile,2,Normal,400,0.2532079500385945,0.23475297734153727,0.22585509483417976,0.28618397778568844,
unsw,sfg,mc_profile,2,Reconnaissance,400,0.32220394866871654,0.3351906901865517,0.158757415396192,0.18384794574853983,
unsw,sfg,mc_profile,2,Shellcode,378,0.3592553967423038,0.3253792119188684,0.08810074459864574,0.227264646740182,
unsw,sfg,mc_profile,2,Worms,44,0.3956222037696911,0.3932675717848177,0.06115511325969427,0.14995511118579705,
unsw,sfg,profile,3,Analysis,400,0.2850132287371463,0.3158315153492657,0.08952342773031718,0.30963182818327084,
unsw,sfg,profile,3,Backdoor,400,0.3706222227795383,0.2871134935353047,0.10304280255474575,0.23922148113041125,
unsw,sfg,profile,3,DoS,400,0.3807555925261119,0.2821951263716165,0.12462841940145425,0.21242086170081736,
unsw,sfg,profile,3,Exploits,400,0.3214336293515843,0.3113059657674547,0.15440236495822718,0.21285803992273383,
unsw,sfg,profile,3,Fuzzers,400,0.31887519589678853,0.2976515728064258,0.1376438435020812,0.24582938779470445,
unsw,sfg,profile,3,Generic,400,0.32935436575784793,0.3089188725680566,0.12405666700398475,0.2376700946701107,
unsw,sfg,profile,3,Normal,400,0.2720649033973094,0.22941270385964385,0.2223715298201777,0.2761508629228691,
unsw,sfg,profile,3,Reconnaissance,400,0.3060583799075062,0.3742430032245805,0.14038142802202463,0.1793171888458887,
unsw,sfg,profile,3,Shellcode,378,0.3747665345966865,0.3135267923440862,0.07824168891026317,0.2334649841489641,
unsw,sfg,profile,3,Worms,44,0.4138164361300959,0.37633817333639674,0.0733072724677081,0.1365381180657993,
unsw,sfg,mc_profile,3,Analysis,400,0.2904451230246678,0.3141505173253913,0.08575906664393575,0.3096452930060052,
unsw,sfg,mc_profile,3,Backdoor,400,0.38508882742932415,0.2794347194465956,0.09468348952557268,0.2407929635985075,
unsw,sfg,mc_profile,3,DoS,400,0.39340368166238504,0.2782518523040768,0.11677031700793525,0.2115741490256029,
unsw,sfg,mc_profile,3,Exploits,400,0.3299102457753008,0.3030022114352886,0.1487035242780533,0.2183840185113573,
unsw,sfg,mc_profile,3,Fuzzers,400,0.3206087578706149,0.3016689410578249,0.1346520483149519,0.24307025275660843,
unsw,sfg,mc_profile,3,Generic,400,0.3137177457465296,0.31747226033846754,0.1289983888525771,0.23981160506242577,
unsw,sfg,mc_profile,3,Normal,400,0.2649386705633161,0.22469625393988782,0.23476797944520017,0.27559709605159594,
unsw,sfg,mc_profile,3,Reconnaissance,400,0.2954810072152951,0.378019992830768,0.14656754472569022,0.17993145522824674,
unsw,sfg,mc_profile,3,Shellcode,378,0.3736759000340964,0.3159962389945044,0.07684507188623266,0.23348278908516665,
unsw,sfg,mc_profile,3,Worms,44,0.4080824367314014,0.37672910983376984,0.07607512526990996,0.13911332816491895,
unsw,sfg,profile,4,Analysis,400,0.3394664768807362,0.3063594406555272,0.10026677724655703,0.25390730521717947,
unsw,sfg,profile,4,Backdoor,400,0.35565617902369684,0.3256246147377634,0.09785560250866779,0.220863603729872,
unsw,sfg,profile,4,DoS,400,0.3587175667032975,0.298308600914102,0.11616957485370329,0.2268042575288972,
unsw,sfg,profile,4,Exploits,400,0.3370704656954643,0.27026116148425816,0.16885934509177294,0.2238090277285046,
unsw,sfg,profile,4,Fuzzers,400,0.31462077386627463,0.29926617374799286,0.13690336044912968,0.24920969193660283,
unsw,sfg,profile,4,Generic,400,0.3046506308901003,0.2948568864765506,0.12696928302924218,0.2735231996041069,
unsw,sfg,profile,4,Normal,400,0.27349309990411924,0.2531754023618478,0.22275547177469546,0.2505760259593375,
unsw,sfg,profile,4,Reconnaissance,400,0.311995279490131,0.3166631999362681,0.17613367554703616,0.19520784502656469,
unsw,sfg,profile,4,Shellcode,378,0.384407831485851,0.3425466438852997,0.08064149330126981,0.1924040313275795,
unsw,sfg,profile,4,Worms,44,0.3888749087646944,0.42118619019228065,0.07759725731887375,0.1123416437241512,
unsw,sfg,mc_profile,4,Analysis,400,0.3553164572990747,0.29666536718277964,0.09483977734552501,0.25317839817262067,
unsw,sfg,mc_profile,4,Backdoor,400,0.36396975211963956,0.31694767033941057,0.0955055745773224,0.22357700296362756,
unsw,sfg,mc_profile,4,DoS,400,0.3638051619326455,0.2959212328962396,0.111614937368701,0.22865866780241403,
unsw,sfg,mc_profile,4,Exploits,400,0.3451932736495922,0.26726239815449104,0.15998338827818656,0.22756093991773013,
unsw,sfg,mc_profile,4,Fuzzers,400,0.31158281869940785,0.3086603239989459,0.13637179311682787,0.24338506418481834,
unsw,sfg,mc_profile,4,Generic,400,0.28933500351688934,0.3042440089897656,0.13143745055634412,0.2749835369370008,
unsw,sfg,mc_profile,4,Normal,400,0.26316992755199664,0.25149186150964653,0.23411502542300164,0.2512231855153551,
unsw,sfg,mc_profile,4,Reconnaissance,400,0.3066756412790273,0.3168223665450748,0.18235666942708179,0.19414532274881618,
unsw,sfg,mc_profile,4,Shellcode,378,0.38538936500406057,0.34336248902668015,0.08064272616373408,0.19060541980552503,
unsw,sfg,mc_profile,4,Worms,44,0.38378390681597285,0.42468584044544355,0.0782149091430995,0.11331534359548409,
unsw,sfg_p0,profile,0,Analysis,400,0.513411404183313,0.26892970962815677,0.01683450086978584,0.20082438531874444,
unsw,sfg_p0,profile,0,Backdoor,400,0.661677522018924,0.15329625357467824,0.0206460162945713,0.16438020811182644,
unsw,sfg_p0,profile,0,DoS,400,0.4379243510575939,0.2871171535104837,0.05751378125818024,0.21744471417374214,
unsw,sfg_p0,profile,0,Exploits,400,0.6335850481538574,0.15265075933466732,0.07490791667132689,0.1388562758401484,
unsw,sfg_p0,profile,0,Fuzzers,400,0.45637981397865296,0.2639384541885106,0.05595363129134713,0.22372810054148934,
unsw,sfg_p0,profile,0,Generic,400,0.4465283589231344,0.3830792584024756,0.0611135905059607,0.1092787921684293,
unsw,sfg_p0,profile,0,Normal,400,0.47849104931615755,0.2202862455541486,0.053305658311630144,0.2479170468180637,
unsw,sfg_p0,profile,0,Reconnaissance,400,0.297619340008449,0.5474896098222466,0.04249114450912174,0.11239990566018272,
unsw,sfg_p0,profile,0,Shellcode,378,0.5721941831344373,0.1146240481987866,0.08351351638850577,0.2296682522782703,
unsw,sfg_p0,profile,0,Worms,44,0.40785610511162174,0.4427064735328807,0.09150908686241563,0.057928334493081934,
unsw,sfg_p0,profile,1,Analysis,400,0.4062707407917178,0.28918862539539175,0.1259319394372989,0.17860869437559151,
unsw,sfg_p0,profile,1,Backdoor,400,0.6872054636347645,0.13796564681699122,0.061371148620340384,0.11345774092790381,
unsw,sfg_p0,profile,1,DoS,400,0.44710146570477577,0.2067988288627915,0.10513184172975142,0.24096786370268133,
unsw,sfg_p0,profile,1,Exploits,400,0.5570696056617479,0.15177699222670812,0.12112582494843604,0.1700275771631079,
unsw,sfg_p0,profile,1,Fuzzers,400,0.482747946163885,0.19241868360833553,0.08442735961717583,0.24040601061060363,
unsw,sfg_p0,profile,1,Generic,400,0.5348805286040462,0.26969459222988895,0.006538927722214312,0.1888859514438505,
unsw,sfg_p0,profile,1,Normal,400,0.5049367536792929,0.1597696349110265,0.09571548898508453,0.239578122424596,
unsw,sfg_p0,profile,1,Reconnaissance,400,0.39630815828888794,0.46268877697605204,0.041712775973510065,0.09929028876154995,
unsw,sfg_p0,profile,1,Shellcode,378,0.5865500801714195,0.14094498983327505,0.09126449777697875,0.18124043221832672,
unsw,sfg_p0,profile,1,Worms,44,0.5074993480870756,0.3759802216691598,0.07520900534475525,0.04131142489900936,
unsw,sfg_p0,profile,2,Analysis,400,0.658897450949691,0.1451848125557039,0.027646109948719362,0.1682716265458858,
unsw,sfg_p0,profile,2,Backdoor,400,0.7085985547364094,0.12744577487835682,0.029714806388050536,0.13424086399718319,
unsw,sfg_p0,profile,2,DoS,400,0.5019913105347964,0.17041941212135406,0.06645526748684505,0.2611340098570045,
unsw,sfg_p0,profile,2,Exploits,400,0.5605931700680655,0.14777190404370616,0.1358144954605506,0.15582043042767774,
unsw,sfg_p0,profile,2,Fuzzers,400,0.4786389537037698,0.17958715584301543,0.10306651832103716,0.23870737213217763,
unsw,sfg_p0,profile,2,Generic,400,0.5719350637159345,0.2822620743555934,0.03405071041440242,0.11175215151406963,
unsw,sfg_p0,profile,2,Normal,400,0.5291351162907175,0.1831043083008512,0.05552513662745806,0.23223543878097316,
unsw,sfg_p0,profile,2,Reconnaissance,400,0.45362039776366314,0.3811997745775029,0.06065850329929393,0.10452132435954001,
unsw,sfg_p0,profile,2,Shellcode,378,0.6065759791870446,0.11702608833691408,0.08651217942988257,0.18988575304615876,
unsw,sfg_p0,profile,2,Worms,44,0.54458559192199,0.299856057729736,0.11722235227517805,0.038335998073096005,
unsw,sfg_p0,profile,3,Analysis,400,0.7389158874258922,0.11748718876827113,0.013559026272243984,0.13003789753359268,
unsw,sfg_p0,profile,3,Backdoor,400,0.7399587384647203,0.14912871625091148,0.012482921728002071,0.09842962355636617,
unsw,sfg_p0,profile,3,DoS,400,0.49410689252275986,0.21244837622806634,0.05542484070418702,0.2380198905449868,
unsw,sfg_p0,profile,3,Exploits,400,0.5853912302209866,0.15183414485800487,0.08880742799172087,0.17396719692928767,
unsw,sfg_p0,profile,3,Fuzzers,400,0.47272631225018263,0.24787369173505494,0.03538194026747865,0.24401805574728377,
unsw,sfg_p0,profile,3,Generic,400,0.5089043027082433,0.3583036723918124,0.02513402794739162,0.10765799695255271,
unsw,sfg_p0,profile,3,Normal,400,0.5568457938875936,0.18088399006558942,0.09784671151115064,0.16442350453566637,
unsw,sfg_p0,profile,3,Reconnaissance,400,0.381661238867361,0.46210686651348015,0.041550996171991005,0.11468089844716786,
unsw,sfg_p0,profile,3,Shellcode,378,0.617971423753388,0.15181238677503925,0.04685591452277472,0.18336027494879809,
unsw,sfg_p0,profile,3,Worms,44,0.46152523058970124,0.4253718460045834,0.07231061594521608,0.040792307460499305,
unsw,sfg_p0,profile,4,Analysis,400,0.6422307258216955,0.12785972699806752,0.06300376051234949,0.16690578666788744,
unsw,sfg_p0,profile,4,Backdoor,400,0.7155225417920562,0.14676486373102063,0.02688034753005896,0.11083224694686425,
unsw,sfg_p0,profile,4,DoS,400,0.6315130035479086,0.13072947297206017,0.04944756210106961,0.1883099613789616,
unsw,sfg_p0,profile,4,Exploits,400,0.6152845701722115,0.11656277277916802,0.09214185036105503,0.17601080668756547,
unsw,sfg_p0,profile,4,Fuzzers,400,0.5313741379200533,0.17055851872159497,0.06769537890517115,0.23037196445318064,
unsw,sfg_p0,profile,4,Generic,400,0.6311339796134078,0.1789163451456067,0.007846867347458836,0.18210280789352667,
unsw,sfg_p0,profile,4,Normal,400,0.4683698243575215,0.17967509982962285,0.07870801707585844,0.27324705873699723,
unsw,sfg_p0,profile,4,Reconnaissance,400,0.33943908779117893,0.5339546495916415,0.0468693353707786,0.07973692724640101,
unsw,sfg_p0,profile,4,Shellcode,378,0.6538797821648752,0.11492608456161332,0.03183973135344337,0.1993544019200681,
unsw,sfg_p0,profile,4,Worms,44,0.503754189660765,0.3630575075472937,0.0819921343436901,0.051196168448251145,
nsl,xgb,mc_profile,0,DoS,400,0.48287918731945323,0.021596475083611226,0.2148439975430266,,0.2806803400539088
nsl,xgb,mc_profile,0,Normal,400,0.530344728187314,0.026024801660991078,0.09918338449783316,,0.34444708565386184
nsl,xgb,mc_profile,0,Probe,400,0.4429712249813342,0.01638692767432974,0.15594863272451112,,0.384693214619825
nsl,xgb,mc_profile,0,R2L,400,0.48801350545402866,0.12588209629001437,0.2049511034060065,,0.1811532948499506
nsl,xgb,mc_profile,0,U2R,37,0.6113619190417124,0.16916451783600497,0.03291383407105033,,0.18655972905123236
nsl,xgb,mc_profile,1,DoS,400,0.4824039528980779,0.01796633239688415,0.22188946810591537,,0.2777402465991226
nsl,xgb,mc_profile,1,Normal,400,0.5388886620062364,0.024295447244192796,0.0965228640828823,,0.34029302666668854
nsl,xgb,mc_profile,1,Probe,400,0.4297934060211296,0.015480499079617212,0.16463892665654803,,0.3900871682427051
nsl,xgb,mc_profile,1,R2L,400,0.4662081857770603,0.13091320262920225,0.22787295928152332,,0.17500565231221424
nsl,xgb,mc_profile,1,U2R,37,0.5781505130641428,0.21144174426625598,0.04228764573813704,,0.16812009693146404
nsl,xgb,mc_profile,2,DoS,400,0.45954396143596515,0.026626402993814174,0.22324352559307203,,0.2905861099771486
nsl,xgb,mc_profile,2,Normal,400,0.5412224153387606,0.02567449427512328,0.10147189323587227,,0.33163119715024375
nsl,xgb,mc_profile,2,Probe,400,0.44749742367505096,0.016361414395421332,0.15781564863760011,,0.3783255132919276
nsl,xgb,mc_profile,2,R2L,400,0.4729927871764981,0.1399070730978625,0.23547580972858081,,0.15162432999705852
nsl,xgb,mc_profile,2,U2R,37,0.6197220696868397,0.1782598504963992,0.03221042023511547,,0.16980765958164548
nsl,xgb,mc_profile,3,DoS,400,0.484442244372266,0.02345252631514414,0.2256594406557636,,0.2664457886568261
nsl,xgb,mc_profile,3,Normal,400,0.5605966623648538,0.020643618525159977,0.09392000842149993,,0.32483971068848627
nsl,xgb,mc_profile,3,Probe,400,0.43696741238824355,0.011422313548662952,0.15814980888029614,,0.39346046518279726
nsl,xgb,mc_profile,3,R2L,400,0.46057871653005417,0.14399950499564174,0.22815126575593395,,0.16727051271837018
nsl,xgb,mc_profile,3,U2R,37,0.5577225350009147,0.2474692161664503,0.02621474216936425,,0.16859350666327086
nsl,xgb,mc_profile,4,DoS,400,0.4793167948694843,0.02246490205844546,0.2177394886257131,,0.2804788144463572
nsl,xgb,mc_profile,4,Normal,400,0.5438078582039229,0.0273254709596657,0.09612410440302331,,0.33274256643338823
nsl,xgb,mc_profile,4,Probe,400,0.45383890464557997,0.01509096133365995,0.15627156789397947,,0.3747985661267806
nsl,xgb,mc_profile,4,R2L,400,0.44220222226804035,0.1707711028962838,0.2109539752433124,,0.17607269959236338
nsl,xgb,mc_profile,4,U2R,37,0.5775920496006761,0.21949598009077276,0.029331489771438582,,0.1735804805371125
nsl,attn,mc_profile,0,DoS,400,0.38607902176593895,0.013170448283972186,0.248130142585842,,0.3526203873642468
nsl,attn,mc_profile,0,Normal,400,0.4699791812118881,0.019811829614443083,0.06560017112823426,,0.4446088180454347
nsl,attn,mc_profile,0,Probe,400,0.4070094801058682,0.0073196263237096364,0.16096830928107497,,0.42470258428934715
nsl,attn,mc_profile,0,R2L,400,0.372613400612925,0.2293878295962261,0.11131081611397184,,0.2866879536768771
nsl,attn,mc_profile,0,U2R,37,0.4450895653637616,0.3412600888409168,0.05147048065563612,,0.1621798651396855
nsl,attn,mc_profile,1,DoS,400,0.275456024151118,0.03352816301818138,0.2676352253906913,,0.42338058744000934
nsl,attn,mc_profile,1,Normal,400,0.31027371443647495,0.024286893659498484,0.24780609581090215,,0.4176332960931244
nsl,attn,mc_profile,1,Probe,400,0.3560543653368729,0.024287625044837367,0.1921441632624424,,0.42751384635584727
nsl,attn,mc_profile,1,R2L,400,0.2579137207176253,0.36842518201749036,0.060415120551258285,,0.3132459767136261
nsl,attn,mc_profile,1,U2R,37,0.19924933927776192,0.57212765365897,0.020706233971133966,,0.20791677309213408
nsl,attn,mc_profile,2,DoS,400,0.19336601441994636,0.0424496457408453,0.4268045966067999,,0.3373797432324085
nsl,attn,mc_profile,2,Normal,400,0.22508410364553186,0.02246267661735481,0.4381278496569285,,0.31432537008018474
nsl,attn,mc_profile,2,Probe,400,0.313283198381143,0.008462588608810325,0.27466760530470424,,0.4035866077053423
nsl,attn,mc_profile,2,R2L,400,0.3183747227203816,0.18412775845173346,0.26994372928757143,,0.22755378954031344
nsl,attn,mc_profile,2,U2R,37,0.4727288016458753,0.2763511073053645,0.11163218375389047,,0.13928790729486976
nsl,attn,mc_profile,3,DoS,400,0.2982223963562137,0.02281642176910441,0.3070205545885977,,0.3719406272860841
nsl,attn,mc_profile,3,Normal,400,0.46407654639302026,0.012067364807510928,0.10663199850043661,,0.41722409029903224
nsl,attn,mc_profile,3,Probe,400,0.4309067993713474,0.0023633346255167876,0.23695512859929924,,0.3297747374038364
nsl,attn,mc_profile,3,R2L,400,0.3074016547971645,0.17927324933500266,0.1973789063331715,,0.3159461895346613
nsl,attn,mc_profile,3,U2R,37,0.5549619105985241,0.25467119257696486,0.015247897185916513,,0.1751189996385947
nsl,attn,mc_profile,4,DoS,400,0.3571273649797124,0.024673244713583,0.2915574754756565,,0.32664191483104815
nsl,attn,mc_profile,4,Normal,400,0.49466269450770844,0.019135153718682386,0.2578477494883068,,0.22835440228530238
nsl,attn,mc_profile,4,Probe,400,0.37085983445951587,0.004109432228015205,0.24413897396731002,,0.380891759345159
nsl,attn,mc_profile,4,R2L,400,0.29160332901444763,0.18593579806081637,0.20018758066576958,,0.32227329225896645
nsl,attn,mc_profile,4,U2R,37,0.5352046865051068,0.2555859156332624,0.09222912641706923,,0.11698027144456156
nsl,sfg,profile,0,DoS,400,0.22648210505341335,0.10501380505997442,0.33086233377927243,,0.3376417561073398
nsl,sfg,profile,0,Normal,400,0.321714644609871,0.18159003082912833,0.24422252078471252,,0.25247280377628817
nsl,sfg,profile,0,Probe,400,0.3148870188357876,0.08770246436600045,0.29553619303514445,,0.3018743237630675
nsl,sfg,profile,0,R2L,400,0.21680025466519795,0.2719559022849851,0.25158486464870783,,0.2596589784011091
nsl,sfg,profile,0,U2R,37,0.43726821974691243,0.294161046168255,0.1488730195442911,,0.11969771454054146
nsl,sfg,mc_profile,0,DoS,400,0.22739627568474138,0.09470908111133347,0.3346526625523065,,0.3432419806516186
nsl,sfg,mc_profile,0,Normal,400,0.32261658582865477,0.1771347725177694,0.2447614580307485,,0.25548718362282746
nsl,sfg,mc_profile,0,Probe,400,0.3303268059190089,0.08276409051375098,0.3039633498684234,,0.28294575369881664
nsl,sfg,mc_profile,0,R2L,400,0.2077049252783556,0.274078792319074,0.23946122865714084,,0.27875505374542947
nsl,sfg,mc_profile,0,U2R,37,0.4362332375683188,0.3008210427145118,0.14222591769943446,,0.12071980201773488
nsl,sfg,profile,1,DoS,400,0.26770826903068046,0.09845184851830135,0.3502174005753598,,0.2836224818756583
nsl,sfg,profile,1,Normal,400,0.2975873801398348,0.25737329656152225,0.19753687667213843,,0.24750244662650447
nsl,sfg,profile,1,Probe,400,0.30279950245435416,0.08995880556254804,0.3006841196319984,,0.30655757235109937
nsl,sfg,profile,1,R2L,400,0.12697177688965103,0.3263110160203889,0.314299660620793,,0.23241754646916704
nsl,sfg,profile,1,U2R,37,0.3574269298302632,0.365599370384875,0.13033883467896676,,0.14663486510589507
nsl,sfg,mc_profile,1,DoS,400,0.26470412921475467,0.0884068474830387,0.3555061983153033,,0.2913828249869033
nsl,sfg,mc_profile,1,Normal,400,0.2962306163886934,0.2544165935890156,0.20010030960381217,,0.24925248041847886
nsl,sfg,mc_profile,1,Probe,400,0.32099572163608225,0.08128977641063355,0.3078990509773723,,0.28981545097591177
nsl,sfg,mc_profile,1,R2L,400,0.11255396447409925,0.3366394260752959,0.3070822617985873,,0.24372434765201756
nsl,sfg,mc_profile,1,U2R,37,0.3538119286959499,0.37208044424904013,0.1267286531483164,,0.14737897390669358
nsl,sfg,profile,2,DoS,400,0.23463031101697485,0.1343869148450702,0.39185313910928693,,0.239129635028668
nsl,sfg,profile,2,Normal,400,0.2887487808954641,0.21640428322755773,0.22564158062687728,,0.2692053552501009
nsl,sfg,profile,2,Probe,400,0.31130060049693714,0.10547338562063283,0.255242424836548,,0.327983589045882
nsl,sfg,profile,2,R2L,400,0.21000488505799528,0.3622235746353266,0.2226870599545338,,0.20508448035214427
nsl,sfg,profile,2,U2R,37,0.29363497159621177,0.39736491877240776,0.1774453208069211,,0.13155478882445937
nsl,sfg,mc_profile,2,DoS,400,0.22876651401576437,0.12044417783379184,0.3994064507459029,,0.2513828574045409
nsl,sfg,mc_profile,2,Normal,400,0.28931530845384223,0.2084392455337344,0.22572769190916323,,0.27651775410326007
nsl,sfg,mc_profile,2,Probe,400,0.33242071863541395,0.10224405782516541,0.25806877114594623,,0.30726645239347433
nsl,sfg,mc_profile,2,R2L,400,0.20027184016508437,0.3781382983283335,0.2140336238764485,,0.2075562376301336
nsl,sfg,mc_profile,2,U2R,37,0.29659267089373986,0.40341766073518637,0.16709316557790319,,0.13289650279317067
nsl,sfg,profile,3,DoS,400,0.26275849743971125,0.10289157962555742,0.32579099414738644,,0.30855892878734487
nsl,sfg,profile,3,Normal,400,0.27370023891801615,0.2343733849737592,0.24130240355625454,,0.2506239725519701
nsl,sfg,profile,3,Probe,400,0.2869833990844838,0.06893714317667823,0.26651572246716415,,0.37756373527167386
nsl,sfg,profile,3,R2L,400,0.15316321551876455,0.31067352744535043,0.30530874249308737,,0.23085451454279768
nsl,sfg,profile,3,U2R,37,0.36027552414582653,0.432493217151095,0.048040278055126874,,0.15919098064795156
nsl,sfg,mc_profile,3,DoS,400,0.2569598744559852,0.08897859405791733,0.3363374113626552,,0.31772412012344237
nsl,sfg,mc_profile,3,Normal,400,0.27168983033468985,0.23312833069510144,0.23436083047629072,,0.260821008493918
nsl,sfg,mc_profile,3,Probe,400,0.3056583543867787,0.06544649556567007,0.27228589828293304,,0.35660925176461816
nsl,sfg,mc_profile,3,R2L,400,0.15991179640759845,0.31844845605440125,0.2919120514135553,,0.22972769612444496
nsl,sfg,mc_profile,3,U2R,37,0.356192905488404,0.4385989670769701,0.044103467739746,,0.16110465969487991
nsl,sfg,profile,4,DoS,400,0.2452916818239071,0.12416678180345597,0.34463059785768757,,0.28591093851494936
nsl,sfg,profile,4,Normal,400,0.3259169861359475,0.2276526121062423,0.19922360280868495,,0.24720679894912528
nsl,sfg,profile,4,Probe,400,0.30094699996209634,0.06793778710300467,0.30940385078646343,,0.32171136214843554
nsl,sfg,profile,4,R2L,400,0.16846764019701027,0.3582172067167833,0.27059684898758607,,0.20271830409862035
nsl,sfg,profile,4,U2R,37,0.4326914046993979,0.324473985342043,0.1149617842849252,,0.12787282567363387
nsl,sfg,mc_profile,4,DoS,400,0.24443757466558644,0.11117907828758761,0.35143239717058755,,0.2929509498762385
nsl,sfg,mc_profile,4,Normal,400,0.32458679744854574,0.22057590190500004,0.20185867529369325,,0.25297862535276106
nsl,sfg,mc_profile,4,Probe,400,0.3195805093030609,0.06405763946351718,0.31076853972027574,,0.30559331151314595
nsl,sfg,mc_profile,4,R2L,400,0.1574511626665694,0.3714974635485841,0.2613243832878272,,0.20972699049701937
nsl,sfg,mc_profile,4,U2R,37,0.4321470048093388,0.3252089424470781,0.11555758166024961,,0.12708647108333349
nsl,sfg_p0,profile,0,DoS,400,0.3641550667376723,0.029348705183815858,0.2961629213156775,,0.3103333067628343
nsl,sfg_p0,profile,0,Normal,400,0.5326922324711352,0.02404750423217077,0.1500789828692711,,0.2931812804274229
nsl,sfg_p0,profile,0,Probe,400,0.29809180326810025,0.05088430231953598,0.24865862624678156,,0.4023652681655822
nsl,sfg_p0,profile,0,R2L,400,0.2913804129850958,0.19748443585426523,0.33593463903568627,,0.17520051212495266
nsl,sfg_p0,profile,0,U2R,37,0.48235706454299065,0.33411890828094887,0.03805531674045044,,0.14546871043561005
nsl,sfg_p0,profile,1,DoS,400,0.31861023569376157,0.037076033839402354,0.3387841587173005,,0.30552957174953554
nsl,sfg_p0,profile,1,Normal,400,0.43454082022931523,0.04993084373605281,0.21176109020057032,,0.3037672458340616
nsl,sfg_p0,profile,1,Probe,400,0.2764911585230526,0.04070612560215865,0.2290207828901193,,0.4537819329846694
nsl,sfg_p0,profile,1,R2L,400,0.22122132117518434,0.2232133574176421,0.33097773840052613,,0.22458758300664744
nsl,sfg_p0,profile,1,U2R,37,0.3607043194775525,0.3346444981890783,0.10801088758289466,,0.19664029475047448
nsl,sfg_p0,profile,2,DoS,400,0.3514635338111147,0.05774180422214882,0.2565941448603514,,0.334200517106385
nsl,sfg_p0,profile,2,Normal,400,0.5079347576676241,0.049725666305876284,0.13479384700757802,,0.30754572901892163
nsl,sfg_p0,profile,2,Probe,400,0.2545590907789022,0.03798809204407278,0.22843686879083597,,0.47901594838618905
nsl,sfg_p0,profile,2,R2L,400,0.2377796381553659,0.16922709616044898,0.4167180599674373,,0.1762752057167478
nsl,sfg_p0,profile,2,U2R,37,0.5108658994339226,0.226424685017834,0.0975967916434427,,0.16511262390480072
nsl,sfg_p0,profile,3,DoS,400,0.35851307120169856,0.04154474026846042,0.3627639141003695,,0.23717827442947154
nsl,sfg_p0,profile,3,Normal,400,0.4797541664619733,0.017818581170838847,0.17548584632472727,,0.3269414060424606
nsl,sfg_p0,profile,3,Probe,400,0.3029407715761006,0.03764238389236005,0.20523507297705768,,0.45418177155448164
nsl,sfg_p0,profile,3,R2L,400,0.22301827782950634,0.2506490350267212,0.3140798601722083,,0.21225282697156422
nsl,sfg_p0,profile,3,U2R,37,0.39316521378590524,0.34609337324761014,0.06263398675173415,,0.19810742621475047
nsl,sfg_p0,profile,4,DoS,400,0.3409087827745821,0.05409748127953633,0.27427814121438343,,0.3307155947314982
nsl,sfg_p0,profile,4,Normal,400,0.44367655986161686,0.11794664699067621,0.18907690596291807,,0.24929988718478885
nsl,sfg_p0,profile,4,Probe,400,0.26023131808598815,0.043213889452135286,0.22953504360871116,,0.4670197488531654
nsl,sfg_p0,profile,4,R2L,400,0.27173870074274387,0.2483593421974564,0.3023994621050426,,0.17750249495475717
nsl,sfg_p0,profile,4,U2R,37,0.5154479901979412,0.24512704990006137,0.11118145141615149,,0.1282435084858459
