ds,model,grouping,seed,val_f1,test_f1,test_acc,test_prec,test_rec,epochs,trees,sigma,p_swap,seconds
unsw_nottl,xgb,tax,0,63.60730360332234,50.283717088501525,70.33231307389593,49.72650458907693,59.41404209991937,,75.0,,,10.9
unsw_nottl,xgb,tax,1,63.498907771532664,49.59801123661657,70.24364767040761,48.99819127003352,58.55808987372495,,73.0,,,10.6
unsw_nottl,xgb,tax,2,63.75596028067033,50.13739521828203,70.25579361609094,49.4501801576637,59.16226849077236,,78.0,,,11.1
unsw_nottl,xgb,tax,3,63.68924493204877,49.58820325958427,70.37360928921926,48.7405624994195,59.16205576648203,,75.0,,,10.7
unsw_nottl,xgb,tax,4,64.1644365008393,50.345855176946856,70.01287470242433,49.894748688374854,59.27129987402775,,73.0,,,10.6
unsw_nottl,flat,tax,0,65.47363677448551,51.756684624794815,73.60078705728029,49.71977792833691,58.623631885317415,13.0,,10.0,0.0,12.6
unsw_nottl,flat,tax,1,64.70030133764125,51.789381556720556,73.1173784190837,49.89850298116251,58.9632401640239,16.0,,10.0,0.0,14.4
unsw_nottl,flat,tax,2,65.32378428494661,51.76958635074189,73.1173784190837,50.72066582023142,58.084865775444236,14.0,,10.0,0.0,13.3
unsw_nottl,flat,tax,3,65.0277518903624,51.323614166475686,71.79589952873731,50.31406431821128,58.376848414166304,13.0,,10.0,0.0,12.7
unsw_nottl,flat,tax,4,65.11527169234276,51.156438299038406,70.99426711363746,49.39490028875307,59.97031401848824,11.0,,10.0,0.0,11.2
unsw_nottl,sfg,tax,0,64.73892968858101,51.07873031521364,72.40926978574552,49.746111941573986,59.60139185497041,22.0,,10.0,0.3,57.7
unsw_nottl,sfg,tax,1,65.21704008063308,51.17335869957371,71.65500655881067,49.56526309068834,58.50177299821411,28.0,,10.0,0.3,66.8
unsw_nottl,sfg,tax,2,64.85793620530045,52.76850306962567,72.6837681581888,50.68720763390745,60.82580708058036,21.0,,10.0,0.3,54.6
unsw_nottl,sfg,tax,3,64.48337184282849,52.60041929034405,74.69270757421172,50.876928859070055,59.32210173039153,13.0,,10.0,0.3,40.8
unsw_nottl,sfg,tax,4,64.49085603680979,50.55579961344845,71.45216926589904,49.081024863925606,58.10150936104685,18.0,,10.0,0.3,48.9
unsw,xgb,tax,0,65.01063685608567,50.995074523845055,70.59830928436088,50.48052849034709,60.18823136027702,,73.0,,,25.0
unsw,xgb,tax,1,65.15292732484748,51.509180396384444,70.60559685177088,51.06218319722,60.33987747910621,,73.0,,,25.0
unsw,xgb,tax,2,65.37725482454171,51.74056217665367,70.5108584754409,50.84157254522626,60.99497289633893,,72.0,,,25.0
unsw,xgb,tax,3,65.65329153362967,51.61082779812685,70.6505368507992,50.84407430243629,60.9373692182852,,80.0,,,26.3
unsw,xgb,tax,4,64.4045486361217,51.28546211285134,70.40883253170091,50.88144277016843,60.12586218280258,,73.0,,,25.0
unsw,rf,tax,0,62.199264130513264,48.70767210322141,75.20648107661663,51.388574939786835,51.18387120814505,,300.0,,,97.3
unsw,rf,tax,1,61.72280613625015,48.951421529549144,75.23806053539329,51.614368189975636,51.335069525865904,,300.0,,,91.5
unsw,rf,tax,2,62.85863384891898,48.17422757579054,75.27814215614828,50.81612340318462,50.824853308707816,,300.0,,,95.5
unsw,rf,tax,3,62.694010352723716,48.25458567091213,75.15911188845163,50.96745065393782,50.66316823570346,,300.0,,,97.1
unsw,rf,tax,4,61.67343380271208,48.397430351734684,75.27328377787495,51.46332233988844,50.776328874506106,,300.0,,,96.8
unsw,lgbm,tax,0,67.0730986976519,53.079632029736345,72.28538113977554,52.38081318532486,61.0296255219519,,90.0,,,48.9
unsw,lgbm,tax,1,66.04053413634755,52.42552999995993,72.39348005635719,52.54242616241335,59.476563633166926,,93.0,,,53.1
unsw,lgbm,tax,2,66.5273028378996,52.733199896934366,72.40926978574552,52.21104440581242,60.508567391009585,,84.0,,,47.9
unsw,lgbm,tax,3,66.82131609327872,52.790540778312156,72.41048438031386,52.4523735870218,60.27057760632432,,95.0,,,54.2
unsw,lgbm,tax,4,66.83629224548173,52.36586457235056,72.37283194869552,51.83569953003164,60.36527337640641,,82.0,,,47.5
unsw,flat,tax,0,65.8271287818481,51.3918864834787,73.4513919253753,50.25708684030581,57.430766534057845,17.0,,10.0,0.0,15.3
unsw,flat,tax,1,65.14971558933755,52.60302354132399,73.56313462566195,50.859560342674406,59.73480685560264,16.0,,10.0,0.0,14.5
unsw,flat,tax,2,65.62231272757168,52.14280978137552,73.18053733663703,50.69560989738944,59.2038896015003,12.0,,10.0,0.0,11.8
unsw,flat,tax,3,66.51806972922488,52.78024460208284,73.30199679347034,52.21726978032728,57.652463469095196,22.0,,10.0,0.0,18.9
unsw,flat,tax,4,65.67808936058996,52.46971872717718,73.19875625516202,51.00465502282125,59.10291250322493,18.0,,10.0,0.0,15.9
unsw,concat,tax,0,67.16305599746471,51.01205711382916,73.45867949278531,49.3556373461994,58.985010548770965,8.0,,10.0,0.0,13.6
unsw,concat,tax,1,65.64214360799431,52.58968758536051,72.31210222027887,51.065281688423724,59.57666577739702,16.0,,10.0,0.0,21.5
unsw,concat,tax,2,66.18461716813042,52.866634790540765,71.73031142204732,52.31209772799029,60.12752465741583,14.0,,10.0,0.0,19.3
unsw,concat,tax,3,66.88993496211775,52.646445430950926,73.33236165767867,51.10702361732879,60.90045330949702,8.0,,10.0,0.0,13.8
unsw,concat,tax,4,65.97626513134512,52.96080325104755,73.08094058203372,51.69599916997976,60.09937399567258,18.0,,10.0,0.0,23.6
unsw,attn,tax,0,65.33324736674811,51.333511035548575,73.42831462857698,50.205892727629,59.038233443353135,15.0,,10.0,0.0,34.9
unsw,attn,tax,1,65.80921678838789,52.299758056738945,72.9886313948404,51.00292334372114,60.708999226870134,10.0,,10.0,0.0,28.9
unsw,attn,tax,2,65.62928496595308,52.086781532089496,72.78943788563377,50.49672987591906,58.883666047405704,14.0,,10.0,0.0,34.0
unsw,attn,tax,3,65.8174568005731,51.82793415990895,72.31088762571054,49.91300861269461,60.58831890131403,11.0,,10.0,0.0,29.9
unsw,attn,tax,4,65.102398014158,53.2388192957468,74.22630325997183,52.32460646106405,60.350105197621,14.0,,10.0,0.0,34.3
unsw,sfg,tax,0,66.80445840333743,53.998617669380856,73.60078705728029,52.12070496364555,62.08118069550499,19.0,,10.0,0.3,52.4
unsw,sfg,tax,1,63.17014648910023,49.92049836882749,72.31574600398388,48.25185244554571,60.88422799399439,8.0,,10.0,0.3,33.6
unsw,sfg,tax,2,64.49604704800281,52.29063270518996,71.94529466064228,51.12204262575282,61.62267112653328,13.0,,10.0,0.3,41.6
unsw,sfg,tax,3,65.27913860234432,52.517485500966366,73.49997570810864,50.97837197252536,60.41129031392697,13.0,,10.0,0.3,41.1
unsw,sfg,tax,4,66.13735843241409,53.03653933784231,71.70116115240732,51.365830916140254,62.649552423504694,23.0,,10.0,0.3,58.8
unsw,sfg_main,tax,0,64.75138564796643,51.54983049707145,70.89709954817081,49.60966680272989,62.81810583241712,19.0,,10.0,0.3,30.2
unsw,sfg_main,tax,1,63.30783868967272,51.01335373179256,69.64728173735607,49.76484115390349,62.31223709785585,16.0,,10.0,0.3,27.6
unsw,sfg_main,tax,2,63.19485249810087,51.62319073909695,70.60681144633921,50.09621913811155,62.62430929552851,13.0,,10.0,0.3,24.7
unsw,sfg_main,tax,3,63.349825537242154,51.97132773214508,70.04809794490599,50.544293333804845,62.328247979205166,13.0,,10.0,0.3,23.9
unsw,sfg_main,tax,4,63.38759896088361,51.1206510392505,70.77321090220084,49.58648226607488,61.84584654957537,25.0,,10.0,0.3,37.3
unsw,sfg_p0,tax,0,65.22167683683323,52.10261780363514,72.80644220959044,50.85973185706205,61.557705718684176,9.0,,10.0,0.0,24.4
unsw,sfg_p0,tax,1,65.2063856058185,51.60471260815489,73.32750327940533,49.65078643762275,58.74531562158026,16.0,,10.0,0.0,34.5
unsw,sfg_p0,tax,2,65.57696587301203,53.0807026937911,73.02992761016372,51.361970333418626,59.69258792894866,13.0,,10.0,0.0,29.8
unsw,sfg_p0,tax,3,64.74346185500809,52.37578003738338,74.3866297429918,50.24114124566601,60.862770307611456,6.0,,10.0,0.0,18.6
unsw,sfg_p0,tax,4,64.82616336764315,52.99959243369759,72.93640382840208,51.50773961444196,62.95462867668539,5.0,,10.0,0.0,17.9
unsw,sfg_lr,tax,0,60.38704558779361,46.62127414950197,68.85900986250789,45.38597837924089,58.82184913021439,15.0,,10.0,0.3,34.5
unsw,sfg_lr,tax,1,63.22138916595349,49.31024310080915,71.60399358694069,47.99003971702059,61.224751850708806,24.0,,10.0,0.3,50.7
unsw,sfg_lr,tax,2,59.68555261160881,46.12116988339984,71.08657630083079,44.98360875785994,58.525069364743096,20.0,,10.0,0.3,43.9
unsw,sfg_lr,tax,3,61.880423520805664,47.75755439420901,70.63839090511588,46.79586348406171,57.850618514427296,24.0,,10.0,0.3,50.6
unsw,sfg_lr,tax,4,61.579240984178774,46.617274409106344,72.08740222513725,45.67685125755694,56.91411819358254,17.0,,10.0,0.3,40.6
nsl,xgb,tax,0,98.13913238905731,58.38053961644475,78.63289567068843,83.45669851328239,55.69097425113555,,228.0,,,12.6
nsl,xgb,tax,1,99.95879953923847,58.41143420018259,78.96557842441447,82.37272018806748,55.96667221436148,,233.0,,,12.9
nsl,xgb,tax,2,99.95879953923847,56.65834825449275,78.75709723207949,80.22285877523355,54.6571146688583,,179.0,,,11.6
nsl,xgb,tax,3,99.85681169467631,56.825688577708554,78.69943222143364,80.53142084576784,54.945458685679625,,218.0,,,12.7
nsl,xgb,tax,4,99.95879953923847,58.68728353607919,79.08977998580554,83.20604815662229,56.15528592133503,,238.0,,,12.9
nsl,rf,tax,0,97.42295117357548,48.472812926636315,74.33019872249822,77.61635825553583,48.263303720176964,,300.0,,,19.8
nsl,rf,tax,1,97.41286613350628,47.34797521950188,73.85113555713272,73.04971421875518,47.2586032864884,,300.0,,,20.4
nsl,rf,tax,2,97.51795971711573,47.90916394912504,73.91767210787793,77.46724571086672,47.55515483660573,,300.0,,,22.3
nsl,rf,tax,3,97.41286613350628,47.863908323250854,74.63183108587651,73.75921808594346,47.90338352461208,,300.0,,,20.1
nsl,rf,tax,4,97.41286613350628,47.72689666944768,74.15720369056068,74.7639979817265,47.62075661365287,,300.0,,,22.1
nsl,lgbm,tax,0,99.95879953923847,53.50959326171376,75.19073811213627,79.86676670154313,51.40380944825746,,173.0,,,20.3
nsl,lgbm,tax,1,99.96246116599178,54.233736728836156,75.67867281760114,81.28319248318145,52.05783929143235,,196.0,,,25.3
nsl,lgbm,tax,2,99.95879953923847,53.695913761639005,75.51898509581262,81.79562426878574,51.634878858837666,,189.0,,,23.9
nsl,lgbm,tax,3,99.96246116599178,54.35526565700706,75.56334279630944,81.51719934230756,52.007389510359005,,235.0,,,25.8
nsl,lgbm,tax,4,99.95879953923847,55.336437228000456,75.6653655074521,82.89648887642113,52.77677311500349,,216.0,,,27.6
nsl,flat,tax,0,99.98261152666963,57.83202197848294,76.54808374733854,82.69480338329102,55.08550176957863,12.0,,1.0,0.0,8.5
nsl,flat,tax,1,99.64874713564058,56.83083842943717,76.7610007097232,75.96090204546219,56.20329477656533,11.0,,1.0,0.0,8.4
nsl,flat,tax,2,99.75245829416284,61.60500705619118,76.57026259758695,81.75901419219598,58.76787079995167,15.0,,1.0,0.0,9.3
nsl,flat,tax,3,99.7796410828338,56.91333137301176,76.17104329311569,68.763832033248,55.9876679984355,16.0,,1.0,0.0,10.5
nsl,flat,tax,4,97.99982447231358,60.62264339014016,75.83836053938964,73.4712963961542,57.89798242843549,11.0,,1.0,0.0,8.2
nsl,concat,tax,0,99.74738636269758,53.82268088578748,74.93789921930447,80.22560994211221,52.21516403340417,15.0,,1.0,0.0,14.5
nsl,concat,tax,1,99.86047354191976,56.29859968416373,76.97835344215756,78.07960117435513,55.23085452574753,17.0,,1.0,0.0,15.8
nsl,concat,tax,2,99.63972091625904,54.054606926550555,74.48545067423706,76.37277849966992,52.925038592961826,15.0,,1.0,0.0,14.3
nsl,concat,tax,3,98.67358527300179,60.477093221725475,77.61710432931157,80.59743246260285,57.985776269471415,5.0,,1.0,0.0,7.5
nsl,concat,tax,4,99.7373970214358,55.22522359051265,77.19127040454224,75.4822819989963,55.12939478269187,8.0,,1.0,0.0,9.2
nsl,attn,tax,0,98.03080270222351,60.27747902369843,76.5569552874379,79.2914843571568,58.01955102345331,9.0,,1.0,0.0,17.7
nsl,attn,tax,1,99.63629967665156,53.42924308636441,74.37012065294535,81.1543372761592,51.09309744801006,11.0,,1.0,0.0,20.0
nsl,attn,tax,2,98.05019254364392,60.14503909833845,76.1932221433641,80.63904624527126,57.810490464248396,16.0,,1.0,0.0,24.4
nsl,attn,tax,3,98.04310520915601,62.8821826892394,77.66146202980838,82.83652799502626,60.836783977989704,7.0,,1.0,0.0,15.7
nsl,attn,tax,4,98.03080270222351,61.402397490105734,77.68364088005679,83.59842673603275,58.43813074529933,10.0,,1.0,0.0,18.1
nsl,sfg,tax,0,98.01358000688143,65.50285511724505,78.23367636621718,78.27496027460438,63.153341842471356,11.0,,1.0,0.1,25.8
nsl,sfg,tax,1,97.8226891805724,61.570258196235606,78.00745209368345,76.42952203417934,59.49821692285916,13.0,,1.0,0.1,27.9
nsl,sfg,tax,2,97.82907841789857,61.11013569444586,75.89602555003549,80.9188785862393,59.81092717619089,5.0,,1.0,0.1,17.6
nsl,sfg,tax,3,99.23111979967759,61.98395100317712,78.94339957416608,80.03172443421161,58.41943547746353,9.0,,1.0,0.1,23.3
nsl,sfg,tax,4,97.78794141710459,64.21596864928209,76.24645138396026,80.09265723292144,61.74609189108895,5.0,,1.0,0.1,17.7
nsl,sfg_main,tax,0,97.42816051072212,62.69987854837705,75.62100780695529,78.98244147161812,60.490347732533166,8.0,,1.0,0.1,12.3
nsl,sfg_main,tax,1,98.80481874676488,61.78912155729886,77.11142654364798,76.27212769218374,59.218847741691036,9.0,,1.0,0.1,13.4
nsl,sfg_main,tax,2,97.59722679172629,60.98359067987449,76.01135557132717,80.22164935454093,59.219669820592536,5.0,,1.0,0.1,10.2
nsl,sfg_main,tax,3,99.07551363111634,61.726759573084564,78.14496096522356,80.77367275738399,57.88863150090995,9.0,,1.0,0.1,13.2
nsl,sfg_main,tax,4,98.78579092203168,71.10009109768235,79.04985805535841,82.67902616755535,67.11393270270264,11.0,,1.0,0.1,15.0
nsl,sfg_p0,tax,0,99.76388875291406,57.734590802621,76.56582682753726,79.40610643817527,55.69778757482611,13.0,,1.0,0.0,21.2
nsl,sfg_p0,tax,1,99.63631956604912,54.26868071136543,77.24006387508872,76.06621234612939,53.29056944736597,8.0,,1.0,0.0,16.2
nsl,sfg_p0,tax,2,98.04987916703529,55.25880843306849,77.37757274662881,78.96679550160192,53.51711259765034,11.0,,1.0,0.0,19.3
nsl,sfg_p0,tax,3,99.86986055332639,57.63240937617744,78.34013484740952,79.48029317512601,55.81071491165781,17.0,,1.0,0.0,26.2
nsl,sfg_p0,tax,4,98.33959301762978,62.9901369097863,79.42246273953158,81.47499435413393,58.319850983556854,21.0,,1.0,0.0,30.3
nsl,sfg_lr,tax,0,95.22453099210846,62.221160483691285,78.53087295954577,74.2384836747011,59.800972231539994,12.0,,1.0,0.1,22.1
nsl,sfg_lr,tax,1,97.2813026278132,64.3835139181083,77.48846699787083,77.9966957075719,59.960861467331064,16.0,,1.0,0.1,27.0
nsl,sfg_lr,tax,2,94.86153889518769,64.69643762656587,77.59492547906316,76.64026841784397,60.492620652373304,16.0,,1.0,0.1,27.4
nsl,sfg_lr,tax,3,94.03195498459438,66.94379533168993,79.76845280340667,78.85310133218823,62.98689939684679,11.0,,1.0,0.1,20.3
nsl,sfg_lr,tax,4,95.40710317213417,64.40288413130875,76.4416252661462,79.29724897324746,60.50323880594542,15.0,,1.0,0.1,25.3
unsw,sfg,rand100,0,65.3968245583488,52.0038421746425,71.89671087790896,50.222665730516816,61.43147491017052,15.0,,10.0,0.3,39.2
unsw,sfg,rand100,1,64.35926909680376,51.53693884477424,71.45824223874071,49.8975860689563,61.0581177846077,14.0,,10.0,0.3,36.5
unsw,sfg,rand100,2,63.85894893867648,51.85246581823429,75.70325025506486,49.488768157144726,61.05002961060887,8.0,,10.0,0.3,24.9
unsw,sfg,rand100,3,64.710899311914,52.56087516215605,72.40805519117718,50.818761054750325,61.40251263142786,12.0,,10.0,0.3,33.1
unsw,sfg,rand100,4,64.46693669456653,51.06516819553741,73.09794490599037,49.60464881585385,60.095358102499596,12.0,,10.0,0.3,32.6
unsw,sfg,rand101,0,65.61614214277272,51.96600698965745,73.69066705533693,50.055689168085024,59.89418689825432,22.0,,10.0,0.3,52.5
unsw,sfg,rand101,1,64.1150855682129,51.82566431534828,71.78375358305398,49.64837265218652,62.43532448834645,14.0,,10.0,0.3,38.2
unsw,sfg,rand101,2,64.46117040905762,53.66625182800166,73.0214254481854,51.34080028107123,62.620827445734704,28.0,,10.0,0.3,65.7
unsw,sfg,rand101,3,64.93652856442311,52.31796190877499,70.53879415051256,50.99255198085013,61.91037413019402,16.0,,10.0,0.3,42.4
unsw,sfg,rand101,4,64.61706012838036,52.960878880936846,70.76349414565418,56.51389575083519,62.5167463529034,16.0,,10.0,0.3,42.9
unsw,sfg,rand102,0,65.90625100094594,51.66523975434893,72.57445464703882,49.374166834233584,61.693862006893205,21.0,,10.0,0.3,51.5
unsw,sfg,rand102,1,65.10637313028577,52.91279180821006,73.96152164407522,51.39969690215251,61.0531690140317,24.0,,10.0,0.3,55.0
unsw,sfg,rand102,2,65.00308055170603,51.55580833108625,73.86313948404023,48.97255059217523,61.185115792644254,17.0,,10.0,0.3,42.4
unsw,sfg,rand102,3,63.72744404685133,51.88916221995872,71.30155953942574,52.301825458446814,59.77980838695597,8.0,,10.0,0.3,26.0
unsw,sfg,rand102,4,65.18369222115,53.58638198762101,74.3501919059418,51.55402691238255,62.119005464209685,13.0,,10.0,0.3,33.6
unsw,sfg,rand103,0,65.38845458435614,51.35875688792454,73.17689355293203,49.1938532352744,61.27675207707783,20.0,,10.0,0.3,48.1
unsw,sfg,rand103,1,64.56028001937852,51.32322148308693,72.99713355681874,49.373134217650936,59.655633903059204,21.0,,10.0,0.3,49.5
unsw,sfg,rand103,2,65.45441172329359,51.24504760241879,73.19632706602536,49.07988088317844,59.95436461349743,20.0,,10.0,0.3,48.2
unsw,sfg,rand103,3,65.29501259246085,52.272724061579126,72.73113734635379,51.34727603460576,60.33729930287279,22.0,,10.0,0.3,51.6
unsw,sfg,rand103,4,64.5174050278411,51.877234316912926,70.60195306806588,50.717784317742264,61.052447310810734,23.0,,10.0,0.3,53.9
unsw,sfg,rand104,0,65.23307580186902,53.72619806403788,73.25584219987368,52.23705455446412,61.10171984072175,20.0,,10.0,0.3,46.7
unsw,sfg,rand104,1,65.18173128724543,51.828510414883624,71.0100568430258,50.196018381221194,62.24232870975723,16.0,,10.0,0.3,40.6
unsw,sfg,rand104,2,65.68691020030457,53.30279842249441,73.85585191663023,51.59376657257072,60.81608820440749,27.0,,10.0,0.3,61.5
unsw,sfg,rand104,3,64.28571082875663,53.716324242231686,74.45950541709178,51.76173918892124,61.35981433180531,13.0,,10.0,0.3,34.0
unsw,sfg,rand104,4,65.40951717023854,52.06498523779254,73.80240975562357,50.13959744705762,59.425064037914765,26.0,,10.0,0.3,58.8
nsl,sfg,rand100,0,97.91263871017271,70.10495069611669,80.15436479772889,83.29153998352001,65.6092259231457,10.0,,1.0,0.1,20.1
nsl,sfg,rand100,1,97.90053440031672,62.79478607055958,77.96753016323635,82.87187582625005,59.95362034970475,16.0,,1.0,0.1,28.4
nsl,sfg,rand100,2,97.05644312287676,68.86082997156647,79.88821859474805,85.01523761602286,63.56575781676169,4.0,,1.0,0.1,13.0
nsl,sfg,rand100,3,99.10444222652639,66.43138921068528,78.33126330731015,79.97139575108662,61.44382727066689,6.0,,1.0,0.1,15.0
nsl,sfg,rand100,4,97.81290149812938,65.09269263698239,77.5638750887154,86.01773046437339,61.579854263458685,9.0,,1.0,0.1,19.9
nsl,sfg,rand101,0,99.67255971236459,60.479844510770306,78.16713981547197,77.80864533177342,57.26117011298103,20.0,,1.0,0.1,33.1
nsl,sfg,rand101,1,99.39491876297247,65.02274962072394,79.87934705464869,82.08788352418686,60.16109714285632,13.0,,1.0,0.1,25.0
nsl,sfg,rand101,2,99.59843503961106,67.15000976380307,79.52448545067423,82.88877626113427,63.01543706157482,7.0,,1.0,0.1,16.7
nsl,sfg,rand101,3,99.25205985466991,69.14618394378135,80.09669978708304,84.77825057405738,63.95338715839826,10.0,,1.0,0.1,21.1
nsl,sfg,rand101,4,97.80968883119137,63.29983696809156,78.22036905606812,82.22384270242662,61.15986963005403,7.0,,1.0,0.1,16.2
nsl,sfg,rand102,0,96.51344643513372,62.50980210178238,77.53726046841732,78.39523947398074,59.77292473830321,14.0,,1.0,0.1,26.4
nsl,sfg,rand102,1,97.90897701775324,59.463836862655505,78.05180979418027,81.3458652751582,56.36768906764951,18.0,,1.0,0.1,31.6
nsl,sfg,rand102,2,97.63566464924095,62.55348844388007,78.04293825408091,82.90631854646782,59.377734723207695,7.0,,1.0,0.1,17.5
nsl,sfg,rand102,3,97.79177399426166,63.94784991080217,76.86302342086586,77.0139181791915,60.37508626583605,6.0,,1.0,0.1,15.7
nsl,sfg,rand102,4,96.81396355900362,67.02348100760086,79.57327892122072,80.79090033806156,63.81331429109264,4.0,,1.0,0.1,13.6
nsl,sfg,rand103,0,99.11884069495073,61.824608667681325,77.3110361958836,81.51911252754604,57.559741595497485,6.0,,1.0,0.1,15.7
nsl,sfg,rand103,1,97.80964694316535,67.75046212087838,80.03016323633783,84.25989507679317,63.037173941169435,6.0,,1.0,0.1,15.6
nsl,sfg,rand103,2,99.42167847570794,66.88035404544077,77.73243435060326,81.75595337131003,63.955077211760525,5.0,,1.0,0.1,14.4
nsl,sfg,rand103,3,98.03002774499548,59.61697044008859,75.97143364088006,79.97644793369969,57.359716727344654,15.0,,1.0,0.1,27.7
nsl,sfg,rand103,4,99.74377949189844,61.808638596242616,77.9764017033357,79.82991776823896,58.921459732927204,4.0,,1.0,0.1,13.5
nsl,sfg,rand104,0,99.56346953932662,67.89824608687015,79.31600425833925,84.27908560460156,62.665199279485684,14.0,,1.0,0.1,25.4
nsl,sfg,rand104,1,97.5916135036346,64.14689306872872,79.04542228530873,80.85111041591392,59.49013073521018,5.0,,1.0,0.1,14.1
nsl,sfg,rand104,2,97.20871029305667,64.65678469011567,79.49787083037614,84.15934791263832,61.12397982451239,7.0,,1.0,0.1,16.6
nsl,sfg,rand104,3,99.41228472295585,66.55957434681127,80.27856635911994,86.30322850640238,63.09334314800509,7.0,,1.0,0.1,16.8
nsl,sfg,rand104,4,99.42519912515294,67.49495005350778,81.12136266855926,83.13208636218586,63.72936894776493,7.0,,1.0,0.1,17.4
